id,type,frame,magnitude,map,path
afflictor,ship,,,material,graphics/shaders/material/ships/phase/phase_strike_ff_material.png
apogee,ship,,,material,graphics/shaders/material/ships/apogee_cx_material.png
astral,ship,,,material,graphics/shaders/material/ships/astral_cv_material.png
atlas,ship,,,material,graphics/shaders/material/ships/atlas_af_material.png
aurora,ship,,,material,graphics/shaders/material/ships/aurora_ca_material.png
brawler,ship,,,material,graphics/shaders/material/ships/brawler_material.png
broadsword,ship,,,material,graphics/shaders/material/ships/broadsword_hftr_material.png
buffalo,ship,,,material,graphics/shaders/material/ships/buffalo/buffalo_base_material.png
buffalo_d,ship,,,material,graphics/shaders/material/ships/buffalo/buffalo_substandard_material.png
buffalo_hegemony,ship,,,material,graphics/shaders/material/ships/buffalo/buffalo_hegemony_material.png
buffalo_luddic_church,ship,,,material,graphics/shaders/material/ships/buffalo/buffalo_luddic_church_material.png
buffalo_pirates,ship,,,material,graphics/shaders/material/ships/buffalo/buffalo_pirates_material.png
buffalo_tritachyon,ship,,,material,graphics/shaders/material/ships/buffalo/buffalo_tritachyon_material.png
buffalo_mk2,ship,,,material,graphics/shaders/material/ships/buffalo_dd_material.png
cerberus,ship,,,material,graphics/shaders/material/ships/cerberus/cerberus_base_material.png
cerberus_d,ship,,,material,graphics/shaders/material/ships/cerberus/cerberus_damaged_material.png
cerberus_d_pirates,ship,,,material,graphics/shaders/material/ships/cerberus/cerberus_pirates_material.png
condor,ship,,,material,graphics/shaders/material/ships/condor_dd_material.png
conquest,ship,,,material,graphics/shaders/material/ships/conquest_bc_material.png
crig,ship,,,material,graphics/shaders/material/ships/construction_rig_material.png
dagger,ship,,,material,graphics/shaders/material/ships/dagger_trp_material.png
dominator,ship,,,material,graphics/shaders/material/ships/dominator/dominator_base_material.png
dominator_d,ship,,,material,graphics/shaders/material/ships/dominator/dominator_damaged_material.png
doom,ship,,,material,graphics/shaders/material/ships/phase/phase_ca_material.png
dram,ship,,,material,graphics/shaders/material/ships/tanker_small_material.png
drone_assault,ship,,,material,graphics/shaders/material/ships/drones/drone_strike_material.png
drone_borer,ship,,,material,graphics/shaders/material/ships/drones/drone_borer_material.png
drone_pd,ship,,,material,graphics/shaders/material/ships/drones/drone_pd_material.png
drone_pd_midline,ship,,,material,graphics/shaders/material/ships/drones/drone_pd_material.png
drone_sensor,ship,,,material,graphics/shaders/material/ships/drones/drone_com_material.png
drone_terminator,ship,,,material,graphics/shaders/material/ships/drones/drone_phase_material.png
eagle,ship,,,material,graphics/shaders/material/ships/eagle/eagle_base_material.png
eagle_d,ship,,,material,graphics/shaders/material/ships/eagle/eagle_damaged_material.png
enforcer,ship,,,material,graphics/shaders/material/ships/enforcer/enforcer_base_material.png
enforcer_d,ship,,,material,graphics/shaders/material/ships/enforcer/enforcer_d_material.png
enforcer_d_pirates,ship,,,material,graphics/shaders/material/ships/enforcer/enforcer_pirates_material.png
falcon,ship,,,material,graphics/shaders/material/ships/falcon_cl_material.png
falcon_d,ship,,,material,graphics/shaders/material/ships/falcon/falcon_damaged_material.png
gemini,ship,,,material,graphics/shaders/material/ships/gemini_material.png
gladius,ship,,,material,graphics/shaders/material/ships/fighter_heavy_midline_material.png
hammerhead,ship,,,material,graphics/shaders/material/ships/hammerhead/hammerhead_base_material.png
hammerhead_d,ship,,,material,graphics/shaders/material/ships/hammerhead/hammerhead_damaged_material.png
hermes,ship,,,material,graphics/shaders/material/ships/hermes/hermes_base_material.png
hermes_d,ship,,,material,graphics/shaders/material/ships/hermes/hermes_substandard_material.png
heron,ship,,,material,graphics/shaders/material/ships/midtech2x_cv_material.png
hound,ship,,,material,graphics/shaders/material/ships/hound/hound_base_material.png
hound_d,ship,,,material,graphics/shaders/material/ships/hound/hound_substandard_material.png
hound_d_pirates,ship,,,material,graphics/shaders/material/ships/hound/hound_pirates_material.png
hound_hegemony,ship,,,material,graphics/shaders/material/ships/hound/hound_hegemony_material.png
hound_luddic_church,ship,,,material,graphics/shaders/material/ships/hound/hound_luddic_church_material.png
hyperion,ship,,,material,graphics/shaders/material/ships/hyperion_ff_material.png
lasher,ship,,,material,graphics/shaders/material/ships/lasher/lasher_base_material.png
lasher_d,ship,,,material,graphics/shaders/material/ships/lasher/lasher_substandard_material.png
longbow,ship,,,material,graphics/shaders/material/ships/longbow_intg_material.png
medusa,ship,,,material,graphics/shaders/material/ships/medusa_material.png
mercury,ship,,,material,graphics/shaders/material/ships/mercury/mercury_base_material.png
mercury_d,ship,,,material,graphics/shaders/material/ships/mercury/mercury_substandard_material.png
mining_drone,ship,,,material,graphics/shaders/material/ships/mining_drone_material.png
monitor,ship,,,material,graphics/shaders/material/ships/monitor_ff2_material.png
mule,ship,,,material,graphics/shaders/material/ships/mule/mule_base_material.png
mule_d,ship,,,material,graphics/shaders/material/ships/mule/mule_d_material.png
mule_d_pirates,ship,,,material,graphics/shaders/material/ships/mule/mule_pirates_material.png
odyssey,ship,,,material,graphics/shaders/material/ships/odyssey_material.png
omen,ship,,,material,graphics/shaders/material/ships/omen_ff_material.png
onslaught,ship,,,material,graphics/shaders/material/ships/onslaught_bb_material.png
ox,ship,,,material,graphics/shaders/material/ships/ox_material.png
paragon,ship,,,material,graphics/shaders/material/ships/paragon_material.png
phaeton,ship,,,material,graphics/shaders/material/ships/tanker_medium_material.png
piranha,ship,,,material,graphics/shaders/material/ships/piranha_bmb_material.png
prometheus,ship,,,material,graphics/shaders/material/ships/tanker_large_material.png
shade,ship,,,material,graphics/shaders/material/ships/phase/phase_assault_ff_material.png
shepherd,ship,,,material,graphics/shaders/material/ships/drone_tender_material.png
shuttlepod,ship,,,material,graphics/shaders/material/ships/shuttle_material.png
sunder,ship,,,material,graphics/shaders/material/ships/sunder_ca_material.png
sunder_d,ship,,,material,graphics/shaders/material/ships/sunder_ca_material.png
talon,ship,,,material,graphics/shaders/material/ships/talon_ftr_material.png
tarsus,ship,,,material,graphics/shaders/material/ships/tarsus/tarsus_base_material.png
tarsus_d,ship,,,material,graphics/shaders/material/ships/tarsus/tarsus_substandard_material.png
tempest,ship,,,material,graphics/shaders/material/ships/tempest_material.png
thunder,ship,,,material,graphics/shaders/material/ships/thunder_material.png
trident,ship,,,material,graphics/shaders/material/ships/trident_material.png
valkyrie,ship,,,material,graphics/shaders/material/ships/valkyrie_ap_material.png
venture,ship,,,material,graphics/shaders/material/ships/venture_material.png
vigilance,ship,,,material,graphics/shaders/material/ships/vigilance_material.png
warthog,ship,,,material,graphics/shaders/material/ships/fighter_assault_midline_material.png
wasp,ship,,,material,graphics/shaders/material/ships/wasp_ftr_material.png
wolf,ship,,,material,graphics/shaders/material/ships/wolf/wolf_base_material.png
wolf_d,ship,,,material,graphics/shaders/material/ships/wolf/wolf_d_material.png
wolf_d_pirates,ship,,,material,graphics/shaders/material/ships/wolf/wolf_pirates_material.png
wolf_hegemony,ship,,,material,graphics/shaders/material/ships/wolf/wolf_hegemony_material.png
xyphos,ship,,,material,graphics/shaders/material/ships/xyphos_material.png
afflictor,ship,,1,normal,graphics/shaders/normal/ships/phase/phase_strike_ff_normal.png
apogee,ship,,1,normal,graphics/shaders/normal/ships/apogee_cx_normal.png
astral,ship,,1,normal,graphics/shaders/normal/ships/astral_cv_normal.png
atlas,ship,,1,normal,graphics/shaders/normal/ships/atlas_af_normal.png
aurora,ship,,1,normal,graphics/shaders/normal/ships/aurora_ca_normal.png
brawler,ship,,1,normal,graphics/shaders/normal/ships/brawler_normal.png
broadsword,ship,,1,normal,graphics/shaders/normal/ships/broadsword_hftr_normal.png
buffalo,ship,,1,normal,graphics/shaders/normal/ships/buffalo/buffalo_base_normal.png
buffalo_d,ship,,1,normal,graphics/shaders/normal/ships/buffalo/buffalo_substandard_normal.png
buffalo_hegemony,ship,,1,normal,graphics/shaders/normal/ships/buffalo/buffalo_hegemony_normal.png
buffalo_luddic_church,ship,,1,normal,graphics/shaders/normal/ships/buffalo/buffalo_luddic_church_normal.png
buffalo_pirates,ship,,1,normal,graphics/shaders/normal/ships/buffalo/buffalo_pirates_normal.png
buffalo_tritachyon,ship,,1,normal,graphics/shaders/normal/ships/buffalo/buffalo_tritachyon_normal.png
buffalo_mk2,ship,,1,normal,graphics/shaders/normal/ships/buffalo_dd_normal.png
cerberus,ship,,1,normal,graphics/shaders/normal/ships/cerberus/cerberus_base_normal.png
cerberus_d,ship,,1,normal,graphics/shaders/normal/ships/cerberus/cerberus_damaged_normal.png
cerberus_d_pirates,ship,,1,normal,graphics/shaders/normal/ships/cerberus/cerberus_pirates_normal.png
condor,ship,,1,normal,graphics/shaders/normal/ships/condor_dd_normal.png
conquest,ship,,1,normal,graphics/shaders/normal/ships/conquest_bc_normal.png
crig,ship,,1,normal,graphics/shaders/normal/ships/construction_rig_normal.png
dagger,ship,,1,normal,graphics/shaders/normal/ships/dagger_trp_normal.png
dominator,ship,,1,normal,graphics/shaders/normal/ships/dominator/dominator_base_normal.png
dominator_d,ship,,1,normal,graphics/shaders/normal/ships/dominator/dominator_damaged_normal.png
doom,ship,,1,normal,graphics/shaders/normal/ships/phase/phase_ca_normal.png
dram,ship,,1,normal,graphics/shaders/normal/ships/tanker_small_normal.png
drone_assault,ship,,1,normal,graphics/shaders/normal/ships/drones/drone_strike_normal.png
drone_borer,ship,,1,normal,graphics/shaders/normal/ships/drones/drone_borer_normal.png
drone_pd,ship,,1,normal,graphics/shaders/normal/ships/drones/drone_pd_normal.png
drone_pd_midline,ship,,1,normal,graphics/shaders/normal/ships/drones/drone_pd_normal.png
drone_sensor,ship,,1,normal,graphics/shaders/normal/ships/drones/drone_com_normal.png
drone_terminator,ship,,1,normal,graphics/shaders/normal/ships/drones/drone_phase_normal.png
eagle,ship,,1,normal,graphics/shaders/normal/ships/eagle/eagle_base_normal.png
eagle_d,ship,,1,normal,graphics/shaders/normal/ships/eagle/eagle_damaged_normal.png
enforcer,ship,,1,normal,graphics/shaders/normal/ships/enforcer/enforcer_base_normal.png
enforcer_d,ship,,1,normal,graphics/shaders/normal/ships/enforcer/enforcer_d_normal.png
enforcer_d_pirates,ship,,1,normal,graphics/shaders/normal/ships/enforcer/enforcer_pirates_normal.png
falcon,ship,,1,normal,graphics/shaders/normal/ships/falcon_cl_normal.png
falcon_d,ship,,1,normal,graphics/shaders/normal/ships/falcon/falcon_damaged_normal.png
gemini,ship,,1,normal,graphics/shaders/normal/ships/gemini_normal.png
gladius,ship,,1,normal,graphics/shaders/normal/ships/fighter_heavy_midline_normal.png
hammerhead,ship,,1,normal,graphics/shaders/normal/ships/hammerhead/hammerhead_base_normal.png
hammerhead_d,ship,,1,normal,graphics/shaders/normal/ships/hammerhead/hammerhead_damaged_normal.png
hermes,ship,,1,normal,graphics/shaders/normal/ships/hermes/hermes_base_normal.png
hermes_d,ship,,1,normal,graphics/shaders/normal/ships/hermes/hermes_substandard_normal.png
heron,ship,,1,normal,graphics/shaders/normal/ships/midtech2x_cv_normal.png
hound,ship,,1,normal,graphics/shaders/normal/ships/hound/hound_base_normal.png
hound_d,ship,,1,normal,graphics/shaders/normal/ships/hound/hound_substandard_normal.png
hound_d_pirates,ship,,1,normal,graphics/shaders/normal/ships/hound/hound_pirates_normal.png
hound_hegemony,ship,,1,normal,graphics/shaders/normal/ships/hound/hound_hegemony_normal.png
hound_luddic_church,ship,,1,normal,graphics/shaders/normal/ships/hound/hound_luddic_church_normal.png
hyperion,ship,,1,normal,graphics/shaders/normal/ships/hyperion_ff_normal.png
lasher,ship,,1,normal,graphics/shaders/normal/ships/lasher/lasher_base_normal.png
lasher_d,ship,,1,normal,graphics/shaders/normal/ships/lasher/lasher_substandard_normal.png
longbow,ship,,1,normal,graphics/shaders/normal/ships/longbow_intg_normal.png
medusa,ship,,1,normal,graphics/shaders/normal/ships/medusa_normal.png
mercury,ship,,1,normal,graphics/shaders/normal/ships/mercury/mercury_base_normal.png
mercury_d,ship,,1,normal,graphics/shaders/normal/ships/mercury/mercury_substandard_normal.png
mining_drone,ship,,1,normal,graphics/shaders/normal/ships/mining_drone_normal.png
monitor,ship,,1,normal,graphics/shaders/normal/ships/monitor_ff2_normal.png
mule,ship,,1,normal,graphics/shaders/normal/ships/mule/mule_base_normal.png
mule_d,ship,,1,normal,graphics/shaders/normal/ships/mule/mule_d_normal.png
mule_d_pirates,ship,,1,normal,graphics/shaders/normal/ships/mule/mule_pirates_normal.png
odyssey,ship,,1,normal,graphics/shaders/normal/ships/odyssey_normal.png
omen,ship,,1,normal,graphics/shaders/normal/ships/omen_ff_normal.png
onslaught,ship,,1,normal,graphics/shaders/normal/ships/onslaught_bb_normal.png
ox,ship,,1,normal,graphics/shaders/normal/ships/ox_normal.png
paragon,ship,,1,normal,graphics/shaders/normal/ships/paragon_normal.png
phaeton,ship,,1,normal,graphics/shaders/normal/ships/tanker_medium_normal.png
piranha,ship,,1,normal,graphics/shaders/normal/ships/piranha_bmb_normal.png
prometheus,ship,,1,normal,graphics/shaders/normal/ships/tanker_large_normal.png
shade,ship,,1,normal,graphics/shaders/normal/ships/phase/phase_assault_ff_normal.png
shepherd,ship,,1,normal,graphics/shaders/normal/ships/drone_tender_normal.png
shuttlepod,ship,,1,normal,graphics/shaders/normal/ships/shuttle_normal.png
sunder,ship,,1,normal,graphics/shaders/normal/ships/sunder_ca_normal.png
sunder_d,ship,,1,normal,graphics/shaders/normal/ships/sunder_ca_normal.png
talon,ship,,1,normal,graphics/shaders/normal/ships/talon_ftr_normal.png
tarsus,ship,,1,normal,graphics/shaders/normal/ships/tarsus/tarsus_base_normal.png
tarsus_d,ship,,1,normal,graphics/shaders/normal/ships/tarsus/tarsus_substandard_normal.png
tempest,ship,,1,normal,graphics/shaders/normal/ships/tempest_normal.png
thunder,ship,,1,normal,graphics/shaders/normal/ships/thunder_normal.png
trident,ship,,1,normal,graphics/shaders/normal/ships/trident_normal.png
valkyrie,ship,,1,normal,graphics/shaders/normal/ships/valkyrie_ap_normal.png
venture,ship,,1,normal,graphics/shaders/normal/ships/venture_normal.png
vigilance,ship,,1,normal,graphics/shaders/normal/ships/vigilance_normal.png
warthog,ship,,1,normal,graphics/shaders/normal/ships/fighter_assault_midline_normal.png
wasp,ship,,1,normal,graphics/shaders/normal/ships/wasp_ftr_normal.png
wolf,ship,,1,normal,graphics/shaders/normal/ships/wolf/wolf_base_normal.png
wolf_d,ship,,1,normal,graphics/shaders/normal/ships/wolf/wolf_d_normal.png
wolf_d_pirates,ship,,1,normal,graphics/shaders/normal/ships/wolf/wolf_pirates_normal.png
wolf_hegemony,ship,,1,normal,graphics/shaders/normal/ships/wolf/wolf_hegemony_normal.png
xyphos,ship,,1,normal,graphics/shaders/normal/ships/xyphos_normal.png
afflictor,ship,,,surface,graphics/shaders/surface/ships/phase/phase_strike_ff_surface.png
apogee,ship,,,surface,graphics/shaders/surface/ships/apogee_cx_surface.png
astral,ship,,,surface,graphics/shaders/surface/ships/astral_cv_surface.png
atlas,ship,,,surface,graphics/shaders/surface/ships/atlas_af_surface.png
aurora,ship,,,surface,graphics/shaders/surface/ships/aurora_ca_surface.png
brawler,ship,,,surface,graphics/shaders/surface/ships/brawler_surface.png
broadsword,ship,,,surface,graphics/shaders/surface/ships/broadsword_hftr_surface.png
buffalo,ship,,,surface,graphics/shaders/surface/ships/buffalo/buffalo_base_surface.png
buffalo_d,ship,,,surface,graphics/shaders/surface/ships/buffalo/buffalo_substandard_surface.png
buffalo_hegemony,ship,,,surface,graphics/shaders/surface/ships/buffalo/buffalo_hegemony_surface.png
buffalo_luddic_church,ship,,,surface,graphics/shaders/surface/ships/buffalo/buffalo_luddic_church_surface.png
buffalo_pirates,ship,,,surface,graphics/shaders/surface/ships/buffalo/buffalo_pirates_surface.png
buffalo_tritachyon,ship,,,surface,graphics/shaders/surface/ships/buffalo/buffalo_tritachyon_surface.png
buffalo_mk2,ship,,,surface,graphics/shaders/surface/ships/buffalo_dd_surface.png
cerberus,ship,,,surface,graphics/shaders/surface/ships/cerberus/cerberus_base_surface.png
cerberus_d,ship,,,surface,graphics/shaders/surface/ships/cerberus/cerberus_damaged_surface.png
cerberus_d_pirates,ship,,,surface,graphics/shaders/surface/ships/cerberus/cerberus_pirates_surface.png
condor,ship,,,surface,graphics/shaders/surface/ships/condor_dd_surface.png
conquest,ship,,,surface,graphics/shaders/surface/ships/conquest_bc_surface.png
crig,ship,,,surface,graphics/shaders/surface/ships/construction_rig_surface.png
dagger,ship,,,surface,graphics/shaders/surface/ships/dagger_trp_surface.png
dominator,ship,,,surface,graphics/shaders/surface/ships/dominator/dominator_base_surface.png
dominator_d,ship,,,surface,graphics/shaders/surface/ships/dominator/dominator_damaged_surface.png
doom,ship,,,surface,graphics/shaders/surface/ships/phase/phase_ca_surface.png
dram,ship,,,surface,graphics/shaders/surface/ships/tanker_small_surface.png
drone_assault,ship,,,surface,graphics/shaders/surface/ships/drones/drone_strike_surface.png
drone_borer,ship,,,surface,graphics/shaders/surface/ships/drones/drone_borer_surface.png
drone_pd,ship,,,surface,graphics/shaders/surface/ships/drones/drone_pd_surface.png
drone_pd_midline,ship,,,surface,graphics/shaders/surface/ships/drones/drone_pd_surface.png
drone_sensor,ship,,,surface,graphics/shaders/surface/ships/drones/drone_com_surface.png
drone_terminator,ship,,,surface,graphics/shaders/surface/ships/drones/drone_phase_surface.png
eagle,ship,,,surface,graphics/shaders/surface/ships/eagle/eagle_base_surface.png
eagle_d,ship,,,surface,graphics/shaders/surface/ships/eagle/eagle_damaged_surface.png
enforcer,ship,,,surface,graphics/shaders/surface/ships/enforcer/enforcer_base_surface.png
enforcer_d,ship,,,surface,graphics/shaders/surface/ships/enforcer/enforcer_d_surface.png
enforcer_d_pirates,ship,,,surface,graphics/shaders/surface/ships/enforcer/enforcer_pirates_surface.png
falcon,ship,,,surface,graphics/shaders/surface/ships/falcon_cl_surface.png
falcon_d,ship,,,surface,graphics/shaders/surface/ships/falcon/falcon_damaged_surface.png
gemini,ship,,,surface,graphics/shaders/surface/ships/gemini_surface.png
gladius,ship,,,surface,graphics/shaders/surface/ships/fighter_heavy_midline_surface.png
hammerhead,ship,,,surface,graphics/shaders/surface/ships/hammerhead/hammerhead_base_surface.png
hammerhead_d,ship,,,surface,graphics/shaders/surface/ships/hammerhead/hammerhead_damaged_surface.png
hermes,ship,,,surface,graphics/shaders/surface/ships/hermes/hermes_base_surface.png
hermes_d,ship,,,surface,graphics/shaders/surface/ships/hermes/hermes_substandard_surface.png
heron,ship,,,surface,graphics/shaders/surface/ships/midtech2x_cv_surface.png
hound,ship,,,surface,graphics/shaders/surface/ships/hound/hound_base_surface.png
hound_d,ship,,,surface,graphics/shaders/surface/ships/hound/hound_substandard_surface.png
hound_d_pirates,ship,,,surface,graphics/shaders/surface/ships/hound/hound_pirates_surface.png
hound_hegemony,ship,,,surface,graphics/shaders/surface/ships/hound/hound_hegemony_surface.png
hound_luddic_church,ship,,,surface,graphics/shaders/surface/ships/hound/hound_luddic_church_surface.png
hyperion,ship,,,surface,graphics/shaders/surface/ships/hyperion_ff_surface.png
lasher,ship,,,surface,graphics/shaders/surface/ships/lasher/lasher_base_surface.png
lasher_d,ship,,,surface,graphics/shaders/surface/ships/lasher/lasher_substandard_surface.png
longbow,ship,,,surface,graphics/shaders/surface/ships/longbow_intg_surface.png
medusa,ship,,,surface,graphics/shaders/surface/ships/medusa_surface.png
mercury,ship,,,surface,graphics/shaders/surface/ships/mercury/mercury_base_surface.png
mercury_d,ship,,,surface,graphics/shaders/surface/ships/mercury/mercury_substandard_surface.png
mining_drone,ship,,,surface,graphics/shaders/surface/ships/mining_drone_surface.png
monitor,ship,,,surface,graphics/shaders/surface/ships/monitor_ff2_surface.png
mule,ship,,,surface,graphics/shaders/surface/ships/mule/mule_base_surface.png
mule_d,ship,,,surface,graphics/shaders/surface/ships/mule/mule_d_surface.png
mule_d_pirates,ship,,,surface,graphics/shaders/surface/ships/mule/mule_pirates_surface.png
odyssey,ship,,,surface,graphics/shaders/surface/ships/odyssey_surface.png
omen,ship,,,surface,graphics/shaders/surface/ships/omen_ff_surface.png
onslaught,ship,,,surface,graphics/shaders/surface/ships/onslaught_bb_surface.png
ox,ship,,,surface,graphics/shaders/surface/ships/ox_surface.png
paragon,ship,,,surface,graphics/shaders/surface/ships/paragon_surface.png
phaeton,ship,,,surface,graphics/shaders/surface/ships/tanker_medium_surface.png
piranha,ship,,,surface,graphics/shaders/surface/ships/piranha_bmb_surface.png
prometheus,ship,,,surface,graphics/shaders/surface/ships/tanker_large_surface.png
shade,ship,,,surface,graphics/shaders/surface/ships/phase/phase_assault_ff_surface.png
shepherd,ship,,,surface,graphics/shaders/surface/ships/drone_tender_surface.png
shuttlepod,ship,,,surface,graphics/shaders/surface/ships/shuttle_surface.png
sunder,ship,,,surface,graphics/shaders/surface/ships/sunder_ca_surface.png
sunder_d,ship,,,surface,graphics/shaders/surface/ships/sunder_ca_surface.png
talon,ship,,,surface,graphics/shaders/surface/ships/talon_ftr_surface.png
tarsus,ship,,,surface,graphics/shaders/surface/ships/tarsus/tarsus_base_surface.png
tarsus_d,ship,,,surface,graphics/shaders/surface/ships/tarsus/tarsus_substandard_surface.png
tempest,ship,,,surface,graphics/shaders/surface/ships/tempest_surface.png
thunder,ship,,,surface,graphics/shaders/surface/ships/thunder_surface.png
trident,ship,,,surface,graphics/shaders/surface/ships/trident_surface.png
valkyrie,ship,,,surface,graphics/shaders/surface/ships/valkyrie_ap_surface.png
venture,ship,,,surface,graphics/shaders/surface/ships/venture_surface.png
vigilance,ship,,,surface,graphics/shaders/surface/ships/vigilance_surface.png
warthog,ship,,,surface,graphics/shaders/surface/ships/fighter_assault_midline_surface.png
wasp,ship,,,surface,graphics/shaders/surface/ships/wasp_ftr_surface.png
wolf,ship,,,surface,graphics/shaders/surface/ships/wolf/wolf_base_surface.png
wolf_d,ship,,,surface,graphics/shaders/surface/ships/wolf/wolf_d_surface.png
wolf_d_pirates,ship,,,surface,graphics/shaders/surface/ships/wolf/wolf_pirates_surface.png
wolf_hegemony,ship,,,surface,graphics/shaders/surface/ships/wolf/wolf_hegemony_surface.png
xyphos,ship,,,surface,graphics/shaders/surface/ships/xyphos_surface.png
amblaster,turret,,,material,graphics/shaders/material/weapons/am_blaster_turret_base_material.png
amblaster,hardpoint,,,material,graphics/shaders/material/weapons/am_blaster_hardpoint_base_material.png
annihilator,turret,,,material,graphics/shaders/material/weapons/launcher_annihilator_turret_base_material.png
annihilator,hardpoint,,,material,graphics/shaders/material/weapons/launcher_annihilator_hardpoint_base_material.png
annihilatorpod,turret,,,material,graphics/shaders/material/weapons/launcher_m3_2x_turret_base_material.png
annihilatorpod,hardpoint,,,material,graphics/shaders/material/weapons/launcher_m3_2x_hardpoint_base_material.png
arbalest,turret,,,material,graphics/shaders/material/weapons/arbalest_turret_base_material.png
arbalest,turretbarrel,,,material,graphics/shaders/material/weapons/arbalest_turret_recoil_material.png
arbalest,turretunder,,,material,graphics/shaders/material/weapons/arbalest_turret_under_material.png
arbalest,hardpoint,,,material,graphics/shaders/material/weapons/arbalest_hardpoint_base_material.png
arbalest,hardpointbarrel,,,material,graphics/shaders/material/weapons/arbalest_hardpoint_recoil_material.png
arbalest,hardpointunder,,,material,graphics/shaders/material/weapons/arbalest_hardpoint_under_material.png
atropos,turret,,,material,graphics/shaders/material/weapons/missile_rack_open_m_2x_turret_base_material.png
atropos,hardpoint,,,material,graphics/shaders/material/weapons/missile_rack_open_m_2x_hardpoint_base_material.png
atropos,turret,,,material,graphics/shaders/material/weapons/missile_rack_open_s_1x_turret_base_material.png
atropos,hardpoint,,,material,graphics/shaders/material/weapons/missile_rack_open_s_1x_hardpoint_base_material.png
autopulse,turret,,,material,graphics/shaders/material/weapons/autopulse_laser_turret_base_material.png
autopulse,hardpoint,,,material,graphics/shaders/material/weapons/autopulse_laser_hardpoint_base_material.png
bomb,turret,,,material,graphics/shaders/material/weapons/bomb_bay_turret_base_material.png
bomb,hardpoint,,,material,graphics/shaders/material/weapons/bomb_bay_hardpoint_base_material.png
chaingun,turret,0,,material,graphics/shaders/material/weapons/rotary/rotary_cannon_turret_base00_material.png
chaingun,turret,1,,material,graphics/shaders/material/weapons/rotary/rotary_cannon_turret_base01_material.png
chaingun,turret,2,,material,graphics/shaders/material/weapons/rotary/rotary_cannon_turret_base02_material.png
chaingun,turret,3,,material,graphics/shaders/material/weapons/rotary/rotary_cannon_turret_base03_material.png
chaingun,hardpoint,0,,material,graphics/shaders/material/weapons/rotary/rotary_cannon_hardpoint_base00_material.png
chaingun,hardpoint,1,,material,graphics/shaders/material/weapons/rotary/rotary_cannon_hardpoint_base01_material.png
chaingun,hardpoint,2,,material,graphics/shaders/material/weapons/rotary/rotary_cannon_hardpoint_base02_material.png
chaingun,hardpoint,3,,material,graphics/shaders/material/weapons/rotary/rotary_cannon_hardpoint_base03_material.png
clusterbomb,turret,,,material,graphics/shaders/material/weapons/bomb_bay_turret_base_material.png
clusterbomb,hardpoint,,,material,graphics/shaders/material/weapons/bomb_bay_hardpoint_base_material.png
cyclone,turret,,,material,graphics/shaders/material/weapons/cyclone_reaper_launcher_turret_base_material.png
cyclone,hardpoint,,,material,graphics/shaders/material/weapons/cyclone_reaper_launcher_hardpoint_base_material.png
dualflak,turret,,,material,graphics/shaders/material/weapons/double_flak_cannon_turret_base_material.png
dualflak,turretbarrel,,,material,graphics/shaders/material/weapons/double_flak_cannon_turret_recoil_material.png
dualflak,hardpoint,,,material,graphics/shaders/material/weapons/double_flak_cannon_hardpoint_base_material.png
dualflak,hardpointbarrel,,,material,graphics/shaders/material/weapons/double_flak_cannon_hardpoint_recoil_material.png
flak,turret,,,material,graphics/shaders/material/weapons/flak_cannon_turret_base_material.png
flak,turretbarrel,,,material,graphics/shaders/material/weapons/flak_cannon_turret_recoil_material.png
flak,hardpoint,,,material,graphics/shaders/material/weapons/flak_cannon_hardpoint_base_material.png
flak,hardpointbarrel,,,material,graphics/shaders/material/weapons/flak_cannon_hardpoint_recoil_material.png
fragbomb,turret,,,material,graphics/shaders/material/weapons/bomb_bay_turret_base_material.png
fragbomb,hardpoint,,,material,graphics/shaders/material/weapons/bomb_bay_hardpoint_base_material.png
gauss,turret,,,material,graphics/shaders/material/weapons/gauss_cannon_turret_base_material.png
gauss,hardpoint,,,material,graphics/shaders/material/weapons/gauss_cannon_hardpoint_base_material.png
gravitonbeam,turret,,,material,graphics/shaders/material/weapons/graviton_beam_turret_base_material.png
gravitonbeam,hardpoint,,,material,graphics/shaders/material/weapons/graviton_beam_hardpoint_base_material.png
guardian,turret,,,material,graphics/shaders/material/weapons/guardian_turret_base_material.png
guardian,hardpoint,,,material,graphics/shaders/material/weapons/guardian_hardpoint_base_material.png
harpoon,turret,,,material,graphics/shaders/material/weapons/missile_rack_open_m_3x_turret_base_material.png
harpoon,hardpoint,,,material,graphics/shaders/material/weapons/missile_rack_open_m_3x_hardpoint_base_material.png
harpoon_single,turret,,,material,graphics/shaders/material/weapons/missile_rack_open_s_1x_turret_base_material.png
harpoon_single,hardpoint,,,material,graphics/shaders/material/weapons/missile_rack_open_s_1x_hardpoint_base_material.png
harpoonpod,turret,,,material,graphics/shaders/material/weapons/launcher_m4_2x_turret_base_material.png
harpoonpod,hardpoint,,,material,graphics/shaders/material/weapons/launcher_m4_2x_hardpoint_base_material.png
heatseeker,turret,,,material,graphics/shaders/material/weapons/missile_rack_open_m_3x_turret_base_material.png
heatseeker,hardpoint,,,material,graphics/shaders/material/weapons/missile_rack_open_m_3x_hardpoint_base_material.png
heavyac,turret,,,material,graphics/shaders/material/weapons/heavy_autocannon_turret_base_material.png
heavyac,turretbarrel,,,material,graphics/shaders/material/weapons/heavy_autocannon_turret_recoil_material.png
heavyac,hardpoint,,,material,graphics/shaders/material/weapons/heavy_autocannon_hardpoint_base_material.png
heavyac,hardpointbarrel,,,material,graphics/shaders/material/weapons/heavy_autocannon_hardpoint_recoil_material.png
heavyblaster,turret,,,material,graphics/shaders/material/weapons/blaster_turret_base_material.png
heavyblaster,hardpoint,,,material,graphics/shaders/material/weapons/blaster_hardpoint_base_material.png
heavyburst,turret,,,material,graphics/shaders/material/weapons/burstpdheavy_turret_base_material.png
heavyburst,hardpoint,,,material,graphics/shaders/material/weapons/burstpdheavy_hardpoint_base_material.png
heavymauler,turret,,,material,graphics/shaders/material/weapons/assault_chaingun_turret_base_material.png
heavymauler,turretbarrel,,,material,graphics/shaders/material/weapons/assault_chaingun_turret_recoil_material.png
heavymauler,hardpoint,,,material,graphics/shaders/material/weapons/assault_chaingun_hardpoint_base_material.png
heavymauler,hardpointbarrel,,,material,graphics/shaders/material/weapons/assault_chaingun_hardpoint_recoil_material.png
heavymg,turret,,,material,graphics/shaders/material/weapons/heavy_machinegun_turret_base_material.png
heavymg,turretbarrel,,,material,graphics/shaders/material/weapons/heavy_machinegun_turret_recoil_material.png
heavymg,hardpoint,,,material,graphics/shaders/material/weapons/heavy_machinegun_hardpoint_base_material.png
heavymg,hardpointbarrel,,,material,graphics/shaders/material/weapons/heavy_machinegun_hardpoint_recoil_material.png
heavyneedler,turret,,,material,graphics/shaders/material/weapons/flechette_heavy_turret_base_material.png
heavyneedler,turretbarrel,,,material,graphics/shaders/material/weapons/flechette_heavy_turret_recoil_material.png
heavyneedler,hardpoint,,,material,graphics/shaders/material/weapons/flechette_heavy_hardpoint_base_material.png
heavyneedler,hardpointbarrel,,,material,graphics/shaders/material/weapons/flechette_heavy_hardpoint_recoil_material.png
hellbore,turret,,,material,graphics/shaders/material/weapons/hellbore_cannon_turret_base_material.png
hellbore,turretbarrel,,,material,graphics/shaders/material/weapons/hellbore_cannon_turret_recoil_material.png
hellbore,hardpoint,,,material,graphics/shaders/material/weapons/hellbore_cannon_hardpoint_base_material.png
hellbore,hardpointbarrel,,,material,graphics/shaders/material/weapons/hellbore_cannon_hardpoint_recoil_material.png
hephag,turret,,,material,graphics/shaders/material/weapons/hephaestus_turret_base_material.png
hephag,turretbarrel,,,material,graphics/shaders/material/weapons/hephaestus_turret_recoil_material.png
hephag,hardpoint,,,material,graphics/shaders/material/weapons/hephaestus_hardpoint_base_material.png
hephag,hardpointbarrel,,,material,graphics/shaders/material/weapons/hephaestus_hardpoint_recoil_material.png
hil,turret,,,material,graphics/shaders/material/weapons/hil_turret_base_material.png
hil,hardpoint,,,material,graphics/shaders/material/weapons/hil_hardpoint_base_material.png
hurricane,turret,,,material,graphics/shaders/material/weapons/hurricane_mirv_launcher_turret_base_material.png
hurricane,hardpoint,,,material,graphics/shaders/material/weapons/hurricane_mirv_launcher_hardpoint_base_material.png
hveldriver,turret,,,material,graphics/shaders/material/weapons/hypervelocity_driver_turret_base_material.png
hveldriver,turretbarrel,,,material,graphics/shaders/material/weapons/hypervelocity_driver_turret_recoil_material.png
hveldriver,hardpoint,,,material,graphics/shaders/material/weapons/hypervelocity_driver_hardpoint_base_material.png
hveldriver,hardpointbarrel,,,material,graphics/shaders/material/weapons/hypervelocity_driver_hardpoint_recoil_material.png
ioncannon,turret,,,material,graphics/shaders/material/weapons/ion_cannon_turret_base_material.png
ioncannon,hardpoint,,,material,graphics/shaders/material/weapons/ion_cannon_hardpoint_base_material.png
irpulse,turret,,,material,graphics/shaders/material/weapons/light_pulse_laser_turret_base_material.png
irpulse,hardpoint,,,material,graphics/shaders/material/weapons/light_pulse_laser_hardpoint_base_material.png
lightac,turret,,,material,graphics/shaders/material/weapons/light_autocannon_turret_base_material.png
lightac,turretbarrel,,,material,graphics/shaders/material/weapons/light_autocannon_turret_recoil_material.png
lightac,hardpoint,,,material,graphics/shaders/material/weapons/light_autocannon_hardpoint_base_material.png
lightac,hardpointbarrel,,,material,graphics/shaders/material/weapons/light_autocannon_hardpoint_recoil_material.png
lightag,turret,,,material,graphics/shaders/material/weapons/light_assault_gun_turret_base_material.png
lightag,turretbarrel,,,material,graphics/shaders/material/weapons/light_assault_gun_turret_recoil_material.png
lightag,hardpoint,,,material,graphics/shaders/material/weapons/light_assault_gun_hardpoint_base_material.png
lightag,hardpointbarrel,,,material,graphics/shaders/material/weapons/light_assault_gun_hardpoint_recoil_material.png
lightdualac,turret,,,material,graphics/shaders/material/weapons/light_dual_autocannon_turret_base_material.png
lightdualac,turretbarrel,,,material,graphics/shaders/material/weapons/light_dual_autocannon_turret_recoil_material.png
lightdualac,hardpoint,,,material,graphics/shaders/material/weapons/light_dual_autocannon_hardpoint_base_material.png
lightdualac,hardpointbarrel,,,material,graphics/shaders/material/weapons/light_dual_autocannon_hardpoint_recoil_material.png
lightdualmg,turret,,,material,graphics/shaders/material/weapons/mg_light_dual_turret_base_material.png
lightdualmg,turretbarrel,,,material,graphics/shaders/material/weapons/mg_light_dual_turret_recoil_material.png
lightdualmg,hardpoint,,,material,graphics/shaders/material/weapons/mg_light_dual_hardpoint_base_material.png
lightdualmg,hardpointbarrel,,,material,graphics/shaders/material/weapons/mg_light_dual_hardpoint_recoil_material.png
lightmg,turret,,,material,graphics/shaders/material/weapons/mg_light_turret_base_material.png
lightmg,turretbarrel,,,material,graphics/shaders/material/weapons/mg_light_turret_recoil_material.png
lightmg,hardpoint,,,material,graphics/shaders/material/weapons/mg_light_hardpoint_base_material.png
lightmg,hardpointbarrel,,,material,graphics/shaders/material/weapons/mg_light_hardpoint_recoil_material.png
lightmortar,turret,,,material,graphics/shaders/material/weapons/light_mortar_turret_base_material.png
lightmortar,turretbarrel,,,material,graphics/shaders/material/weapons/light_mortar_turret_recoil_material.png
lightmortar,hardpoint,,,material,graphics/shaders/material/weapons/light_mortar_hardpoint_base_material.png
lightmortar,hardpointbarrel,,,material,graphics/shaders/material/weapons/light_mortar_hardpoint_recoil_material.png
lightneedler,turret,,,material,graphics/shaders/material/weapons/flechette_turret_base_material.png
lightneedler,turretbarrel,,,material,graphics/shaders/material/weapons/flechette_turret_recoil_material.png
lightneedler,hardpoint,,,material,graphics/shaders/material/weapons/flechette_hardpoint_base_material.png
lightneedler,hardpointbarrel,,,material,graphics/shaders/material/weapons/flechette_hardpoint_recoil_material.png
lrpdlaser,turret,,,material,graphics/shaders/material/weapons/lr_pd_laser_turret_base_material.png
lrpdlaser,hardpoint,,,material,graphics/shaders/material/weapons/lr_pd_laser_hardpoint_base_material.png
mark9,turret,,,material,graphics/shaders/material/weapons/heavy_assault_cannon_turret_base_material.png
mark9,turretbarrel,,,material,graphics/shaders/material/weapons/heavy_assault_cannon_turret_recoil_material.png
mark9,hardpoint,,,material,graphics/shaders/material/weapons/heavy_assault_cannon_hardpoint_base_material.png
mark9,hardpointbarrel,,,material,graphics/shaders/material/weapons/heavy_assault_cannon_hardpoint_recoil_material.png
miningblaster,turret,,,material,graphics/shaders/material/weapons/blaster2_turret_base_material.png
miningblaster,hardpoint,,,material,graphics/shaders/material/weapons/blaster2_hardpoint_base_material.png
mininglaser,turret,,,material,graphics/shaders/material/weapons/mining_laser_turret_base_material.png
mininglaser,hardpoint,,,material,graphics/shaders/material/weapons/mining_laser_hardpoint_base_material.png
mjolnir,turret,,,material,graphics/shaders/material/weapons/mjolnir_turret_base_material.png
mjolnir,turretbarrel,,,material,graphics/shaders/material/weapons/mjolnir_turret_recoil_material.png
mjolnir,turretunder,,,material,graphics/shaders/material/weapons/mjolnir_turret_under_material.png
mjolnir,hardpoint,,,material,graphics/shaders/material/weapons/mjolnir_hardpoint_base_material.png
mjolnir,hardpointbarrel,,,material,graphics/shaders/material/weapons/mjolnir_hardpoint_recoil_material.png
mjolnir,hardpointunder,,,material,graphics/shaders/material/weapons/mjolnir_hardpoint_under_material.png
multineedler,turret,0,,material,graphics/shaders/material/weapons/storm/flechette_storm_turret_base00_material.png
multineedler,turret,1,,material,graphics/shaders/material/weapons/storm/flechette_storm_turret_base01_material.png
multineedler,turret,2,,material,graphics/shaders/material/weapons/storm/flechette_storm_turret_base02_material.png
multineedler,turret,3,,material,graphics/shaders/material/weapons/storm/flechette_storm_turret_base03_material.png
multineedler,hardpoint,0,,material,graphics/shaders/material/weapons/storm/flechette_storm_hardpoint_base00_material.png
multineedler,hardpoint,1,,material,graphics/shaders/material/weapons/storm/flechette_storm_hardpoint_base01_material.png
multineedler,hardpoint,2,,material,graphics/shaders/material/weapons/storm/flechette_storm_hardpoint_base02_material.png
multineedler,hardpoint,3,,material,graphics/shaders/material/weapons/storm/flechette_storm_hardpoint_base03_material.png
pdburst,turret,,,material,graphics/shaders/material/weapons/burstpd_turret_base_material.png
pdburst,hardpoint,,,material,graphics/shaders/material/weapons/burstpd_hardpoint_base_material.png
pdlaser,turret,,,material,graphics/shaders/material/weapons/pd_laser_turret_base_material.png
pdlaser,hardpoint,,,material,graphics/shaders/material/weapons/pd_laser_hardpoint_base_material.png
phasebeam,turret,,,material,graphics/shaders/material/weapons/phase_beam_turret_material.png
phasebeam,hardpoint,,,material,graphics/shaders/material/weapons/phase_beam_hardpoint_material.png
phasecl,turret,,,material,graphics/shaders/material/weapons/phase_charge_launcher_turret_base_material.png
phasecl,hardpoint,,,material,graphics/shaders/material/weapons/phase_charge_launcher_hardpoint_base_material.png
pilum,turret,,,material,graphics/shaders/material/weapons/pilum_lrm_launcher_turret_base_material.png
pilum,hardpoint,,,material,graphics/shaders/material/weapons/pilum_lrm_launcher_hardpoint_base_material.png
plasma,turret,,,material,graphics/shaders/material/weapons/plasma_cannon_turret_base_material.png
plasma,hardpoint,,,material,graphics/shaders/material/weapons/plasma_cannon_hardpoint_base_material.png
pulselaser,turret,,,material,graphics/shaders/material/weapons/pulse_laser_turret_base_material.png
pulselaser,hardpoint,,,material,graphics/shaders/material/weapons/pulse_laser_hardpoint_base_material.png
railgun,turret,,,material,graphics/shaders/material/weapons/railgun_turret_base_material.png
railgun,hardpoint,,,material,graphics/shaders/material/weapons/railgun_hardpoint_base_material.png
reaper,turret,,,material,graphics/shaders/material/weapons/light_reaper_launcher_turret_base_material.png
reaper,hardpoint,,,material,graphics/shaders/material/weapons/light_reaper_launcher_hardpoint_base_material.png
sabot,turret,,,material,graphics/shaders/material/weapons/missile_rack_m_3x_turret_base_material.png
sabot,hardpoint,,,material,graphics/shaders/material/weapons/missile_rack_m_3x_hardpoint_base_material.png
sabot_single,turret,,,material,graphics/shaders/material/weapons/missile_rack_1x_turret_base_material.png
sabot_single,hardpoint,,,material,graphics/shaders/material/weapons/missile_rack_1x_hardpoint_base_material.png
sabotpod,turret,,,material,graphics/shaders/material/weapons/launcher_m3_2x_turret_base_material.png
sabotpod,hardpoint,,,material,graphics/shaders/material/weapons/launcher_m3_2x_hardpoint_base_material.png
salamanderpod,turret,,,material,graphics/shaders/material/weapons/launcher_m4_2x_turret_base_material.png
salamanderpod,hardpoint,,,material,graphics/shaders/material/weapons/launcher_m4_2x_hardpoint_base_material.png
sensordish,turret,,,material,graphics/shaders/material/weapons/decorative/sensor_array_dish_material.png
sensordish,hardpoint,,,material,graphics/shaders/material/weapons/decorative/sensor_array_dish_material.png
shredder,turret,0,,material,graphics/shaders/material/weapons/shredder/chaingun2_turret_base00_material.png
shredder,turret,1,,material,graphics/shaders/material/weapons/shredder/chaingun2_turret_base01_material.png
shredder,turret,2,,material,graphics/shaders/material/weapons/shredder/chaingun2_turret_base02_material.png
shredder,turret,3,,material,graphics/shaders/material/weapons/shredder/chaingun2_turret_base03_material.png
shredder,hardpoint,0,,material,graphics/shaders/material/weapons/shredder/chaingun2_hardpoint_base00_material.png
shredder,hardpoint,1,,material,graphics/shaders/material/weapons/shredder/chaingun2_hardpoint_base01_material.png
shredder,hardpoint,2,,material,graphics/shaders/material/weapons/shredder/chaingun2_hardpoint_base02_material.png
shredder,hardpoint,3,,material,graphics/shaders/material/weapons/shredder/chaingun2_hardpoint_base03_material.png
swarmer,turret,,,material,graphics/shaders/material/weapons/swarmer_srm_launcher_turret_base_material.png
swarmer,hardpoint,,,material,graphics/shaders/material/weapons/swarmer_srm_launcher_hardpoint_base_material.png
tachyonlance,turret,,,material,graphics/shaders/material/weapons/tachyon_lance_turret_base_material.png
tachyonlance,hardpoint,,,material,graphics/shaders/material/weapons/tachyon_lance_hardpoint_base_material.png
taclaser,turret,,,material,graphics/shaders/material/weapons/tactical_laser_turret_material.png
taclaser,hardpoint,,,material,graphics/shaders/material/weapons/tactical_laser_hardpoint_material.png
typhoon,turret,,,material,graphics/shaders/material/weapons/typhoon_reaper_launcher_turret_base_material.png
typhoon,hardpoint,,,material,graphics/shaders/material/weapons/typhoon_reaper_launcher_hardpoint_base_material.png
vulcan,turret,,,material,graphics/shaders/material/weapons/vulcan_cannon_turret_base_material.png
vulcan,turretbarrel,,,material,graphics/shaders/material/weapons/vulcan_cannon_turret_recoil_material.png
vulcan,hardpoint,,,material,graphics/shaders/material/weapons/vulcan_cannon_hardpoint_base_material.png
vulcan,hardpointbarrel,,,material,graphics/shaders/material/weapons/vulcan_cannon_hardpoint_recoil_material.png
amblaster,turret,,1,normal,graphics/shaders/normal/weapons/am_blaster_turret_base_normal.png
amblaster,hardpoint,,1,normal,graphics/shaders/normal/weapons/am_blaster_hardpoint_base_normal.png
annihilator,turret,,1,normal,graphics/shaders/normal/weapons/launcher_annihilator_turret_base_normal.png
annihilator,hardpoint,,1,normal,graphics/shaders/normal/weapons/launcher_annihilator_hardpoint_base_normal.png
annihilatorpod,turret,,1,normal,graphics/shaders/normal/weapons/launcher_m3_2x_turret_base_normal.png
annihilatorpod,hardpoint,,1,normal,graphics/shaders/normal/weapons/launcher_m3_2x_hardpoint_base_normal.png
arbalest,turret,,1,normal,graphics/shaders/normal/weapons/arbalest_turret_base_normal.png
arbalest,turretbarrel,,1,normal,graphics/shaders/normal/weapons/arbalest_turret_recoil_normal.png
arbalest,turretunder,,1,normal,graphics/shaders/normal/weapons/arbalest_turret_under_normal.png
arbalest,hardpoint,,1,normal,graphics/shaders/normal/weapons/arbalest_hardpoint_base_normal.png
arbalest,hardpointbarrel,,1,normal,graphics/shaders/normal/weapons/arbalest_hardpoint_recoil_normal.png
arbalest,hardpointunder,,1,normal,graphics/shaders/normal/weapons/arbalest_hardpoint_under_normal.png
atropos,turret,,1,normal,graphics/shaders/normal/weapons/missile_rack_open_m_2x_turret_base_normal.png
atropos,hardpoint,,1,normal,graphics/shaders/normal/weapons/missile_rack_open_m_2x_hardpoint_base_normal.png
atropos,turret,,1,normal,graphics/shaders/normal/weapons/missile_rack_open_s_1x_turret_base_normal.png
atropos,hardpoint,,1,normal,graphics/shaders/normal/weapons/missile_rack_open_s_1x_hardpoint_base_normal.png
autopulse,turret,,1,normal,graphics/shaders/normal/weapons/autopulse_laser_turret_base_normal.png
autopulse,hardpoint,,1,normal,graphics/shaders/normal/weapons/autopulse_laser_hardpoint_base_normal.png
bomb,turret,,1,normal,graphics/shaders/normal/weapons/bomb_bay_turret_base_normal.png
bomb,hardpoint,,1,normal,graphics/shaders/normal/weapons/bomb_bay_hardpoint_base_normal.png
chaingun,turret,0,1,normal,graphics/shaders/normal/weapons/rotary/rotary_cannon_turret_base00_normal.png
chaingun,turret,1,1,normal,graphics/shaders/normal/weapons/rotary/rotary_cannon_turret_base01_normal.png
chaingun,turret,2,1,normal,graphics/shaders/normal/weapons/rotary/rotary_cannon_turret_base02_normal.png
chaingun,turret,3,1,normal,graphics/shaders/normal/weapons/rotary/rotary_cannon_turret_base03_normal.png
chaingun,hardpoint,0,1,normal,graphics/shaders/normal/weapons/rotary/rotary_cannon_hardpoint_base00_normal.png
chaingun,hardpoint,1,1,normal,graphics/shaders/normal/weapons/rotary/rotary_cannon_hardpoint_base01_normal.png
chaingun,hardpoint,2,1,normal,graphics/shaders/normal/weapons/rotary/rotary_cannon_hardpoint_base02_normal.png
chaingun,hardpoint,3,1,normal,graphics/shaders/normal/weapons/rotary/rotary_cannon_hardpoint_base03_normal.png
clusterbomb,turret,,1,normal,graphics/shaders/normal/weapons/bomb_bay_turret_base_normal.png
clusterbomb,hardpoint,,1,normal,graphics/shaders/normal/weapons/bomb_bay_hardpoint_base_normal.png
cyclone,turret,,1,normal,graphics/shaders/normal/weapons/cyclone_reaper_launcher_turret_base_normal.png
cyclone,hardpoint,,1,normal,graphics/shaders/normal/weapons/cyclone_reaper_launcher_hardpoint_base_normal.png
dualflak,turret,,1,normal,graphics/shaders/normal/weapons/double_flak_cannon_turret_base_normal.png
dualflak,turretbarrel,,1,normal,graphics/shaders/normal/weapons/double_flak_cannon_turret_recoil_normal.png
dualflak,hardpoint,,1,normal,graphics/shaders/normal/weapons/double_flak_cannon_hardpoint_base_normal.png
dualflak,hardpointbarrel,,1,normal,graphics/shaders/normal/weapons/double_flak_cannon_hardpoint_recoil_normal.png
flak,turret,,1,normal,graphics/shaders/normal/weapons/flak_cannon_turret_base_normal.png
flak,turretbarrel,,1,normal,graphics/shaders/normal/weapons/flak_cannon_turret_recoil_normal.png
flak,hardpoint,,1,normal,graphics/shaders/normal/weapons/flak_cannon_hardpoint_base_normal.png
flak,hardpointbarrel,,1,normal,graphics/shaders/normal/weapons/flak_cannon_hardpoint_recoil_normal.png
fragbomb,turret,,1,normal,graphics/shaders/normal/weapons/bomb_bay_turret_base_normal.png
fragbomb,hardpoint,,1,normal,graphics/shaders/normal/weapons/bomb_bay_hardpoint_base_normal.png
gauss,turret,,1,normal,graphics/shaders/normal/weapons/gauss_cannon_turret_base_normal.png
gauss,hardpoint,,1,normal,graphics/shaders/normal/weapons/gauss_cannon_hardpoint_base_normal.png
gravitonbeam,turret,,1,normal,graphics/shaders/normal/weapons/graviton_beam_turret_base_normal.png
gravitonbeam,hardpoint,,1,normal,graphics/shaders/normal/weapons/graviton_beam_hardpoint_base_normal.png
guardian,turret,,1,normal,graphics/shaders/normal/weapons/guardian_turret_base_normal.png
guardian,hardpoint,,1,normal,graphics/shaders/normal/weapons/guardian_hardpoint_base_normal.png
harpoon,turret,,1,normal,graphics/shaders/normal/weapons/missile_rack_open_m_3x_turret_base_normal.png
harpoon,hardpoint,,1,normal,graphics/shaders/normal/weapons/missile_rack_open_m_3x_hardpoint_base_normal.png
harpoon_single,turret,,1,normal,graphics/shaders/normal/weapons/missile_rack_open_s_1x_turret_base_normal.png
harpoon_single,hardpoint,,1,normal,graphics/shaders/normal/weapons/missile_rack_open_s_1x_hardpoint_base_normal.png
harpoonpod,turret,,1,normal,graphics/shaders/normal/weapons/launcher_m4_2x_turret_base_normal.png
harpoonpod,hardpoint,,1,normal,graphics/shaders/normal/weapons/launcher_m4_2x_hardpoint_base_normal.png
heatseeker,turret,,1,normal,graphics/shaders/normal/weapons/missile_rack_open_m_3x_turret_base_normal.png
heatseeker,hardpoint,,1,normal,graphics/shaders/normal/weapons/missile_rack_open_m_3x_hardpoint_base_normal.png
heavyac,turret,,1,normal,graphics/shaders/normal/weapons/heavy_autocannon_turret_base_normal.png
heavyac,turretbarrel,,1,normal,graphics/shaders/normal/weapons/heavy_autocannon_turret_recoil_normal.png
heavyac,hardpoint,,1,normal,graphics/shaders/normal/weapons/heavy_autocannon_hardpoint_base_normal.png
heavyac,hardpointbarrel,,1,normal,graphics/shaders/normal/weapons/heavy_autocannon_hardpoint_recoil_normal.png
heavyblaster,turret,,1,normal,graphics/shaders/normal/weapons/blaster_turret_base_normal.png
heavyblaster,hardpoint,,1,normal,graphics/shaders/normal/weapons/blaster_hardpoint_base_normal.png
heavyburst,turret,,1,normal,graphics/shaders/normal/weapons/burstpdheavy_turret_base_normal.png
heavyburst,hardpoint,,1,normal,graphics/shaders/normal/weapons/burstpdheavy_hardpoint_base_normal.png
heavymauler,turret,,1,normal,graphics/shaders/normal/weapons/assault_chaingun_turret_base_normal.png
heavymauler,turretbarrel,,1,normal,graphics/shaders/normal/weapons/assault_chaingun_turret_recoil_normal.png
heavymauler,hardpoint,,1,normal,graphics/shaders/normal/weapons/assault_chaingun_hardpoint_base_normal.png
heavymauler,hardpointbarrel,,1,normal,graphics/shaders/normal/weapons/assault_chaingun_hardpoint_recoil_normal.png
heavymg,turret,,1,normal,graphics/shaders/normal/weapons/heavy_machinegun_turret_base_normal.png
heavymg,turretbarrel,,1,normal,graphics/shaders/normal/weapons/heavy_machinegun_turret_recoil_normal.png
heavymg,hardpoint,,1,normal,graphics/shaders/normal/weapons/heavy_machinegun_hardpoint_base_normal.png
heavymg,hardpointbarrel,,1,normal,graphics/shaders/normal/weapons/heavy_machinegun_hardpoint_recoil_normal.png
heavyneedler,turret,,1,normal,graphics/shaders/normal/weapons/flechette_heavy_turret_base_normal.png
heavyneedler,turretbarrel,,1,normal,graphics/shaders/normal/weapons/flechette_heavy_turret_recoil_normal.png
heavyneedler,hardpoint,,1,normal,graphics/shaders/normal/weapons/flechette_heavy_hardpoint_base_normal.png
heavyneedler,hardpointbarrel,,1,normal,graphics/shaders/normal/weapons/flechette_heavy_hardpoint_recoil_normal.png
hellbore,turret,,1,normal,graphics/shaders/normal/weapons/hellbore_cannon_turret_base_normal.png
hellbore,turretbarrel,,1,normal,graphics/shaders/normal/weapons/hellbore_cannon_turret_recoil_normal.png
hellbore,hardpoint,,1,normal,graphics/shaders/normal/weapons/hellbore_cannon_hardpoint_base_normal.png
hellbore,hardpointbarrel,,1,normal,graphics/shaders/normal/weapons/hellbore_cannon_hardpoint_recoil_normal.png
hephag,turret,,1,normal,graphics/shaders/normal/weapons/hephaestus_turret_base_normal.png
hephag,turretbarrel,,1,normal,graphics/shaders/normal/weapons/hephaestus_turret_recoil_normal.png
hephag,hardpoint,,1,normal,graphics/shaders/normal/weapons/hephaestus_hardpoint_base_normal.png
hephag,hardpointbarrel,,1,normal,graphics/shaders/normal/weapons/hephaestus_hardpoint_recoil_normal.png
hil,turret,,1,normal,graphics/shaders/normal/weapons/hil_turret_base_normal.png
hil,hardpoint,,1,normal,graphics/shaders/normal/weapons/hil_hardpoint_base_normal.png
hurricane,turret,,1,normal,graphics/shaders/normal/weapons/hurricane_mirv_launcher_turret_base_normal.png
hurricane,hardpoint,,1,normal,graphics/shaders/normal/weapons/hurricane_mirv_launcher_hardpoint_base_normal.png
hveldriver,turret,,1,normal,graphics/shaders/normal/weapons/hypervelocity_driver_turret_base_normal.png
hveldriver,turretbarrel,,1,normal,graphics/shaders/normal/weapons/hypervelocity_driver_turret_recoil_normal.png
hveldriver,hardpoint,,1,normal,graphics/shaders/normal/weapons/hypervelocity_driver_hardpoint_base_normal.png
hveldriver,hardpointbarrel,,1,normal,graphics/shaders/normal/weapons/hypervelocity_driver_hardpoint_recoil_normal.png
ioncannon,turret,,1,normal,graphics/shaders/normal/weapons/ion_cannon_turret_base_normal.png
ioncannon,hardpoint,,1,normal,graphics/shaders/normal/weapons/ion_cannon_hardpoint_base_normal.png
irpulse,turret,,1,normal,graphics/shaders/normal/weapons/light_pulse_laser_turret_base_normal.png
irpulse,hardpoint,,1,normal,graphics/shaders/normal/weapons/light_pulse_laser_hardpoint_base_normal.png
lightac,turret,,1,normal,graphics/shaders/normal/weapons/light_autocannon_turret_base_normal.png
lightac,turretbarrel,,1,normal,graphics/shaders/normal/weapons/light_autocannon_turret_recoil_normal.png
lightac,hardpoint,,1,normal,graphics/shaders/normal/weapons/light_autocannon_hardpoint_base_normal.png
lightac,hardpointbarrel,,1,normal,graphics/shaders/normal/weapons/light_autocannon_hardpoint_recoil_normal.png
lightag,turret,,1,normal,graphics/shaders/normal/weapons/light_assault_gun_turret_base_normal.png
lightag,turretbarrel,,1,normal,graphics/shaders/normal/weapons/light_assault_gun_turret_recoil_normal.png
lightag,hardpoint,,1,normal,graphics/shaders/normal/weapons/light_assault_gun_hardpoint_base_normal.png
lightag,hardpointbarrel,,1,normal,graphics/shaders/normal/weapons/light_assault_gun_hardpoint_recoil_normal.png
lightdualac,turret,,1,normal,graphics/shaders/normal/weapons/light_dual_autocannon_turret_base_normal.png
lightdualac,turretbarrel,,1,normal,graphics/shaders/normal/weapons/light_dual_autocannon_turret_recoil_normal.png
lightdualac,hardpoint,,1,normal,graphics/shaders/normal/weapons/light_dual_autocannon_hardpoint_base_normal.png
lightdualac,hardpointbarrel,,1,normal,graphics/shaders/normal/weapons/light_dual_autocannon_hardpoint_recoil_normal.png
lightdualmg,turret,,1,normal,graphics/shaders/normal/weapons/mg_light_dual_turret_base_normal.png
lightdualmg,turretbarrel,,1,normal,graphics/shaders/normal/weapons/mg_light_dual_turret_recoil_normal.png
lightdualmg,hardpoint,,1,normal,graphics/shaders/normal/weapons/mg_light_dual_hardpoint_base_normal.png
lightdualmg,hardpointbarrel,,1,normal,graphics/shaders/normal/weapons/mg_light_dual_hardpoint_recoil_normal.png
lightmg,turret,,1,normal,graphics/shaders/normal/weapons/mg_light_turret_base_normal.png
lightmg,turretbarrel,,1,normal,graphics/shaders/normal/weapons/mg_light_turret_recoil_normal.png
lightmg,hardpoint,,1,normal,graphics/shaders/normal/weapons/mg_light_hardpoint_base_normal.png
lightmg,hardpointbarrel,,1,normal,graphics/shaders/normal/weapons/mg_light_hardpoint_recoil_normal.png
lightmortar,turret,,1,normal,graphics/shaders/normal/weapons/light_mortar_turret_base_normal.png
lightmortar,turretbarrel,,1,normal,graphics/shaders/normal/weapons/light_mortar_turret_recoil_normal.png
lightmortar,hardpoint,,1,normal,graphics/shaders/normal/weapons/light_mortar_hardpoint_base_normal.png
lightmortar,hardpointbarrel,,1,normal,graphics/shaders/normal/weapons/light_mortar_hardpoint_recoil_normal.png
lightneedler,turret,,1,normal,graphics/shaders/normal/weapons/flechette_turret_base_normal.png
lightneedler,turretbarrel,,1,normal,graphics/shaders/normal/weapons/flechette_turret_recoil_normal.png
lightneedler,hardpoint,,1,normal,graphics/shaders/normal/weapons/flechette_hardpoint_base_normal.png
lightneedler,hardpointbarrel,,1,normal,graphics/shaders/normal/weapons/flechette_hardpoint_recoil_normal.png
lrpdlaser,turret,,1,normal,graphics/shaders/normal/weapons/lr_pd_laser_turret_base_normal.png
lrpdlaser,hardpoint,,1,normal,graphics/shaders/normal/weapons/lr_pd_laser_hardpoint_base_normal.png
mark9,turret,,1,normal,graphics/shaders/normal/weapons/heavy_assault_cannon_turret_base_normal.png
mark9,turretbarrel,,1,normal,graphics/shaders/normal/weapons/heavy_assault_cannon_turret_recoil_normal.png
mark9,hardpoint,,1,normal,graphics/shaders/normal/weapons/heavy_assault_cannon_hardpoint_base_normal.png
mark9,hardpointbarrel,,1,normal,graphics/shaders/normal/weapons/heavy_assault_cannon_hardpoint_recoil_normal.png
miningblaster,turret,,1,normal,graphics/shaders/normal/weapons/blaster2_turret_base_normal.png
miningblaster,hardpoint,,1,normal,graphics/shaders/normal/weapons/blaster2_hardpoint_base_normal.png
mininglaser,turret,,1,normal,graphics/shaders/normal/weapons/mining_laser_turret_base_normal.png
mininglaser,hardpoint,,1,normal,graphics/shaders/normal/weapons/mining_laser_hardpoint_base_normal.png
mjolnir,turret,,1,normal,graphics/shaders/normal/weapons/mjolnir_turret_base_normal.png
mjolnir,turretbarrel,,1,normal,graphics/shaders/normal/weapons/mjolnir_turret_recoil_normal.png
mjolnir,turretunder,,1,normal,graphics/shaders/normal/weapons/mjolnir_turret_under_normal.png
mjolnir,hardpoint,,1,normal,graphics/shaders/normal/weapons/mjolnir_hardpoint_base_normal.png
mjolnir,hardpointbarrel,,1,normal,graphics/shaders/normal/weapons/mjolnir_hardpoint_recoil_normal.png
mjolnir,hardpointunder,,1,normal,graphics/shaders/normal/weapons/mjolnir_hardpoint_under_normal.png
multineedler,turret,0,1,normal,graphics/shaders/normal/weapons/storm/flechette_storm_turret_base00_normal.png
multineedler,turret,1,1,normal,graphics/shaders/normal/weapons/storm/flechette_storm_turret_base01_normal.png
multineedler,turret,2,1,normal,graphics/shaders/normal/weapons/storm/flechette_storm_turret_base02_normal.png
multineedler,turret,3,1,normal,graphics/shaders/normal/weapons/storm/flechette_storm_turret_base03_normal.png
multineedler,hardpoint,0,1,normal,graphics/shaders/normal/weapons/storm/flechette_storm_hardpoint_base00_normal.png
multineedler,hardpoint,1,1,normal,graphics/shaders/normal/weapons/storm/flechette_storm_hardpoint_base01_normal.png
multineedler,hardpoint,2,1,normal,graphics/shaders/normal/weapons/storm/flechette_storm_hardpoint_base02_normal.png
multineedler,hardpoint,3,1,normal,graphics/shaders/normal/weapons/storm/flechette_storm_hardpoint_base03_normal.png
pdburst,turret,,1,normal,graphics/shaders/normal/weapons/burstpd_turret_base_normal.png
pdburst,hardpoint,,1,normal,graphics/shaders/normal/weapons/burstpd_hardpoint_base_normal.png
pdlaser,turret,,1,normal,graphics/shaders/normal/weapons/pd_laser_turret_base_normal.png
pdlaser,hardpoint,,1,normal,graphics/shaders/normal/weapons/pd_laser_hardpoint_base_normal.png
phasebeam,turret,,1,normal,graphics/shaders/normal/weapons/phase_beam_turret_normal.png
phasebeam,hardpoint,,1,normal,graphics/shaders/normal/weapons/phase_beam_hardpoint_normal.png
phasecl,turret,,1,normal,graphics/shaders/normal/weapons/phase_charge_launcher_turret_base_normal.png
phasecl,hardpoint,,1,normal,graphics/shaders/normal/weapons/phase_charge_launcher_hardpoint_base_normal.png
pilum,turret,,1,normal,graphics/shaders/normal/weapons/pilum_lrm_launcher_turret_base_normal.png
pilum,hardpoint,,1,normal,graphics/shaders/normal/weapons/pilum_lrm_launcher_hardpoint_base_normal.png
plasma,turret,,1,normal,graphics/shaders/normal/weapons/plasma_cannon_turret_base_normal.png
plasma,hardpoint,,1,normal,graphics/shaders/normal/weapons/plasma_cannon_hardpoint_base_normal.png
pulselaser,turret,,1,normal,graphics/shaders/normal/weapons/pulse_laser_turret_base_normal.png
pulselaser,hardpoint,,1,normal,graphics/shaders/normal/weapons/pulse_laser_hardpoint_base_normal.png
railgun,turret,,1,normal,graphics/shaders/normal/weapons/railgun_turret_base_normal.png
railgun,hardpoint,,1,normal,graphics/shaders/normal/weapons/railgun_hardpoint_base_normal.png
reaper,turret,,1,normal,graphics/shaders/normal/weapons/light_reaper_launcher_turret_base_normal.png
reaper,hardpoint,,1,normal,graphics/shaders/normal/weapons/light_reaper_launcher_hardpoint_base_normal.png
sabot,turret,,1,normal,graphics/shaders/normal/weapons/missile_rack_m_3x_turret_base_normal.png
sabot,hardpoint,,1,normal,graphics/shaders/normal/weapons/missile_rack_m_3x_hardpoint_base_normal.png
sabot_single,turret,,1,normal,graphics/shaders/normal/weapons/missile_rack_1x_turret_base_normal.png
sabot_single,hardpoint,,1,normal,graphics/shaders/normal/weapons/missile_rack_1x_hardpoint_base_normal.png
sabotpod,turret,,1,normal,graphics/shaders/normal/weapons/launcher_m3_2x_turret_base_normal.png
sabotpod,hardpoint,,1,normal,graphics/shaders/normal/weapons/launcher_m3_2x_hardpoint_base_normal.png
salamanderpod,turret,,1,normal,graphics/shaders/normal/weapons/launcher_m4_2x_turret_base_normal.png
salamanderpod,hardpoint,,1,normal,graphics/shaders/normal/weapons/launcher_m4_2x_hardpoint_base_normal.png
sensordish,turret,,1,normal,graphics/shaders/normal/weapons/decorative/sensor_array_dish_normal.png
sensordish,hardpoint,,1,normal,graphics/shaders/normal/weapons/decorative/sensor_array_dish_normal.png
shredder,turret,0,1,normal,graphics/shaders/normal/weapons/shredder/chaingun2_turret_base00_normal.png
shredder,turret,1,1,normal,graphics/shaders/normal/weapons/shredder/chaingun2_turret_base01_normal.png
shredder,turret,2,1,normal,graphics/shaders/normal/weapons/shredder/chaingun2_turret_base02_normal.png
shredder,turret,3,1,normal,graphics/shaders/normal/weapons/shredder/chaingun2_turret_base03_normal.png
shredder,hardpoint,0,1,normal,graphics/shaders/normal/weapons/shredder/chaingun2_hardpoint_base00_normal.png
shredder,hardpoint,1,1,normal,graphics/shaders/normal/weapons/shredder/chaingun2_hardpoint_base01_normal.png
shredder,hardpoint,2,1,normal,graphics/shaders/normal/weapons/shredder/chaingun2_hardpoint_base02_normal.png
shredder,hardpoint,3,1,normal,graphics/shaders/normal/weapons/shredder/chaingun2_hardpoint_base03_normal.png
swarmer,turret,,1,normal,graphics/shaders/normal/weapons/swarmer_srm_launcher_turret_base_normal.png
swarmer,hardpoint,,1,normal,graphics/shaders/normal/weapons/swarmer_srm_launcher_hardpoint_base_normal.png
tachyonlance,turret,,1,normal,graphics/shaders/normal/weapons/tachyon_lance_turret_base_normal.png
tachyonlance,hardpoint,,1,normal,graphics/shaders/normal/weapons/tachyon_lance_hardpoint_base_normal.png
taclaser,turret,,1,normal,graphics/shaders/normal/weapons/tactical_laser_turret_normal.png
taclaser,hardpoint,,1,normal,graphics/shaders/normal/weapons/tactical_laser_hardpoint_normal.png
typhoon,turret,,1,normal,graphics/shaders/normal/weapons/typhoon_reaper_launcher_turret_base_normal.png
typhoon,hardpoint,,1,normal,graphics/shaders/normal/weapons/typhoon_reaper_launcher_hardpoint_base_normal.png
vulcan,turret,,1,normal,graphics/shaders/normal/weapons/vulcan_cannon_turret_base_normal.png
vulcan,turretbarrel,,1,normal,graphics/shaders/normal/weapons/vulcan_cannon_turret_recoil_normal.png
vulcan,hardpoint,,1,normal,graphics/shaders/normal/weapons/vulcan_cannon_hardpoint_base_normal.png
vulcan,hardpointbarrel,,1,normal,graphics/shaders/normal/weapons/vulcan_cannon_hardpoint_recoil_normal.png
amblaster,turret,,,surface,graphics/shaders/surface/weapons/am_blaster_turret_base_surface.png
amblaster,hardpoint,,,surface,graphics/shaders/surface/weapons/am_blaster_hardpoint_base_surface.png
annihilator,turret,,,surface,graphics/shaders/surface/weapons/launcher_annihilator_turret_base_surface.png
annihilator,hardpoint,,,surface,graphics/shaders/surface/weapons/launcher_annihilator_hardpoint_base_surface.png
annihilatorpod,turret,,,surface,graphics/shaders/surface/weapons/launcher_m3_2x_turret_base_surface.png
annihilatorpod,hardpoint,,,surface,graphics/shaders/surface/weapons/launcher_m3_2x_hardpoint_base_surface.png
arbalest,turret,,,surface,graphics/shaders/surface/weapons/arbalest_turret_base_surface.png
arbalest,turretbarrel,,,surface,graphics/shaders/surface/weapons/arbalest_turret_recoil_surface.png
arbalest,turretunder,,,surface,graphics/shaders/surface/weapons/arbalest_turret_under_surface.png
arbalest,hardpoint,,,surface,graphics/shaders/surface/weapons/arbalest_hardpoint_base_surface.png
arbalest,hardpointbarrel,,,surface,graphics/shaders/surface/weapons/arbalest_hardpoint_recoil_surface.png
arbalest,hardpointunder,,,surface,graphics/shaders/surface/weapons/arbalest_hardpoint_under_surface.png
atropos,turret,,,surface,graphics/shaders/surface/weapons/missile_rack_open_m_2x_turret_base_surface.png
atropos,hardpoint,,,surface,graphics/shaders/surface/weapons/missile_rack_open_m_2x_hardpoint_base_surface.png
atropos,turret,,,surface,graphics/shaders/surface/weapons/missile_rack_open_s_1x_turret_base_surface.png
atropos,hardpoint,,,surface,graphics/shaders/surface/weapons/missile_rack_open_s_1x_hardpoint_base_surface.png
autopulse,turret,,,surface,graphics/shaders/surface/weapons/autopulse_laser_turret_base_surface.png
autopulse,hardpoint,,,surface,graphics/shaders/surface/weapons/autopulse_laser_hardpoint_base_surface.png
bomb,turret,,,surface,graphics/shaders/surface/weapons/bomb_bay_turret_base_surface.png
bomb,hardpoint,,,surface,graphics/shaders/surface/weapons/bomb_bay_hardpoint_base_surface.png
chaingun,turret,0,,surface,graphics/shaders/surface/weapons/rotary/rotary_cannon_turret_base00_surface.png
chaingun,turret,1,,surface,graphics/shaders/surface/weapons/rotary/rotary_cannon_turret_base01_surface.png
chaingun,turret,2,,surface,graphics/shaders/surface/weapons/rotary/rotary_cannon_turret_base02_surface.png
chaingun,turret,3,,surface,graphics/shaders/surface/weapons/rotary/rotary_cannon_turret_base03_surface.png
chaingun,hardpoint,0,,surface,graphics/shaders/surface/weapons/rotary/rotary_cannon_hardpoint_base00_surface.png
chaingun,hardpoint,1,,surface,graphics/shaders/surface/weapons/rotary/rotary_cannon_hardpoint_base01_surface.png
chaingun,hardpoint,2,,surface,graphics/shaders/surface/weapons/rotary/rotary_cannon_hardpoint_base02_surface.png
chaingun,hardpoint,3,,surface,graphics/shaders/surface/weapons/rotary/rotary_cannon_hardpoint_base03_surface.png
clusterbomb,turret,,,surface,graphics/shaders/surface/weapons/bomb_bay_turret_base_surface.png
clusterbomb,hardpoint,,,surface,graphics/shaders/surface/weapons/bomb_bay_hardpoint_base_surface.png
cyclone,turret,,,surface,graphics/shaders/surface/weapons/cyclone_reaper_launcher_turret_base_surface.png
cyclone,hardpoint,,,surface,graphics/shaders/surface/weapons/cyclone_reaper_launcher_hardpoint_base_surface.png
dualflak,turret,,,surface,graphics/shaders/surface/weapons/double_flak_cannon_turret_base_surface.png
dualflak,turretbarrel,,,surface,graphics/shaders/surface/weapons/double_flak_cannon_turret_recoil_surface.png
dualflak,hardpoint,,,surface,graphics/shaders/surface/weapons/double_flak_cannon_hardpoint_base_surface.png
dualflak,hardpointbarrel,,,surface,graphics/shaders/surface/weapons/double_flak_cannon_hardpoint_recoil_surface.png
flak,turret,,,surface,graphics/shaders/surface/weapons/flak_cannon_turret_base_surface.png
flak,turretbarrel,,,surface,graphics/shaders/surface/weapons/flak_cannon_turret_recoil_surface.png
flak,hardpoint,,,surface,graphics/shaders/surface/weapons/flak_cannon_hardpoint_base_surface.png
flak,hardpointbarrel,,,surface,graphics/shaders/surface/weapons/flak_cannon_hardpoint_recoil_surface.png
fragbomb,turret,,,surface,graphics/shaders/surface/weapons/bomb_bay_turret_base_surface.png
fragbomb,hardpoint,,,surface,graphics/shaders/surface/weapons/bomb_bay_hardpoint_base_surface.png
gauss,turret,,,surface,graphics/shaders/surface/weapons/gauss_cannon_turret_base_surface.png
gauss,hardpoint,,,surface,graphics/shaders/surface/weapons/gauss_cannon_hardpoint_base_surface.png
gravitonbeam,turret,,,surface,graphics/shaders/surface/weapons/graviton_beam_turret_base_surface.png
gravitonbeam,hardpoint,,,surface,graphics/shaders/surface/weapons/graviton_beam_hardpoint_base_surface.png
guardian,turret,,,surface,graphics/shaders/surface/weapons/guardian_turret_base_surface.png
guardian,hardpoint,,,surface,graphics/shaders/surface/weapons/guardian_hardpoint_base_surface.png
harpoon,turret,,,surface,graphics/shaders/surface/weapons/missile_rack_open_m_3x_turret_base_surface.png
harpoon,hardpoint,,,surface,graphics/shaders/surface/weapons/missile_rack_open_m_3x_hardpoint_base_surface.png
harpoon_single,turret,,,surface,graphics/shaders/surface/weapons/missile_rack_open_s_1x_turret_base_surface.png
harpoon_single,hardpoint,,,surface,graphics/shaders/surface/weapons/missile_rack_open_s_1x_hardpoint_base_surface.png
harpoonpod,turret,,,surface,graphics/shaders/surface/weapons/launcher_m4_2x_turret_base_surface.png
harpoonpod,hardpoint,,,surface,graphics/shaders/surface/weapons/launcher_m4_2x_hardpoint_base_surface.png
heatseeker,turret,,,surface,graphics/shaders/surface/weapons/missile_rack_open_m_3x_turret_base_surface.png
heatseeker,hardpoint,,,surface,graphics/shaders/surface/weapons/missile_rack_open_m_3x_hardpoint_base_surface.png
heavyac,turret,,,surface,graphics/shaders/surface/weapons/heavy_autocannon_turret_base_surface.png
heavyac,turretbarrel,,,surface,graphics/shaders/surface/weapons/heavy_autocannon_turret_recoil_surface.png
heavyac,hardpoint,,,surface,graphics/shaders/surface/weapons/heavy_autocannon_hardpoint_base_surface.png
heavyac,hardpointbarrel,,,surface,graphics/shaders/surface/weapons/heavy_autocannon_hardpoint_recoil_surface.png
heavyblaster,turret,,,surface,graphics/shaders/surface/weapons/blaster_turret_base_surface.png
heavyblaster,hardpoint,,,surface,graphics/shaders/surface/weapons/blaster_hardpoint_base_surface.png
heavyburst,turret,,,surface,graphics/shaders/surface/weapons/burstpdheavy_turret_base_surface.png
heavyburst,hardpoint,,,surface,graphics/shaders/surface/weapons/burstpdheavy_hardpoint_base_surface.png
heavymauler,turret,,,surface,graphics/shaders/surface/weapons/assault_chaingun_turret_base_surface.png
heavymauler,turretbarrel,,,surface,graphics/shaders/surface/weapons/assault_chaingun_turret_recoil_surface.png
heavymauler,hardpoint,,,surface,graphics/shaders/surface/weapons/assault_chaingun_hardpoint_base_surface.png
heavymauler,hardpointbarrel,,,surface,graphics/shaders/surface/weapons/assault_chaingun_hardpoint_recoil_surface.png
heavymg,turret,,,surface,graphics/shaders/surface/weapons/heavy_machinegun_turret_base_surface.png
heavymg,turretbarrel,,,surface,graphics/shaders/surface/weapons/heavy_machinegun_turret_recoil_surface.png
heavymg,hardpoint,,,surface,graphics/shaders/surface/weapons/heavy_machinegun_hardpoint_base_surface.png
heavymg,hardpointbarrel,,,surface,graphics/shaders/surface/weapons/heavy_machinegun_hardpoint_recoil_surface.png
heavyneedler,turret,,,surface,graphics/shaders/surface/weapons/flechette_heavy_turret_base_surface.png
heavyneedler,turretbarrel,,,surface,graphics/shaders/surface/weapons/flechette_heavy_turret_recoil_surface.png
heavyneedler,hardpoint,,,surface,graphics/shaders/surface/weapons/flechette_heavy_hardpoint_base_surface.png
heavyneedler,hardpointbarrel,,,surface,graphics/shaders/surface/weapons/flechette_heavy_hardpoint_recoil_surface.png
hellbore,turret,,,surface,graphics/shaders/surface/weapons/hellbore_cannon_turret_base_surface.png
hellbore,turretbarrel,,,surface,graphics/shaders/surface/weapons/hellbore_cannon_turret_recoil_surface.png
hellbore,hardpoint,,,surface,graphics/shaders/surface/weapons/hellbore_cannon_hardpoint_base_surface.png
hellbore,hardpointbarrel,,,surface,graphics/shaders/surface/weapons/hellbore_cannon_hardpoint_recoil_surface.png
hephag,turret,,,surface,graphics/shaders/surface/weapons/hephaestus_turret_base_surface.png
hephag,turretbarrel,,,surface,graphics/shaders/surface/weapons/hephaestus_turret_recoil_surface.png
hephag,hardpoint,,,surface,graphics/shaders/surface/weapons/hephaestus_hardpoint_base_surface.png
hephag,hardpointbarrel,,,surface,graphics/shaders/surface/weapons/hephaestus_hardpoint_recoil_surface.png
hil,turret,,,surface,graphics/shaders/surface/weapons/hil_turret_base_surface.png
hil,hardpoint,,,surface,graphics/shaders/surface/weapons/hil_hardpoint_base_surface.png
hurricane,turret,,,surface,graphics/shaders/surface/weapons/hurricane_mirv_launcher_turret_base_surface.png
hurricane,hardpoint,,,surface,graphics/shaders/surface/weapons/hurricane_mirv_launcher_hardpoint_base_surface.png
hveldriver,turret,,,surface,graphics/shaders/surface/weapons/hypervelocity_driver_turret_base_surface.png
hveldriver,turretbarrel,,,surface,graphics/shaders/surface/weapons/hypervelocity_driver_turret_recoil_surface.png
hveldriver,hardpoint,,,surface,graphics/shaders/surface/weapons/hypervelocity_driver_hardpoint_base_surface.png
hveldriver,hardpointbarrel,,,surface,graphics/shaders/surface/weapons/hypervelocity_driver_hardpoint_recoil_surface.png
ioncannon,turret,,,surface,graphics/shaders/surface/weapons/ion_cannon_turret_base_surface.png
ioncannon,hardpoint,,,surface,graphics/shaders/surface/weapons/ion_cannon_hardpoint_base_surface.png
irpulse,turret,,,surface,graphics/shaders/surface/weapons/light_pulse_laser_turret_base_surface.png
irpulse,hardpoint,,,surface,graphics/shaders/surface/weapons/light_pulse_laser_hardpoint_base_surface.png
lightac,turret,,,surface,graphics/shaders/surface/weapons/light_autocannon_turret_base_surface.png
lightac,turretbarrel,,,surface,graphics/shaders/surface/weapons/light_autocannon_turret_recoil_surface.png
lightac,hardpoint,,,surface,graphics/shaders/surface/weapons/light_autocannon_hardpoint_base_surface.png
lightac,hardpointbarrel,,,surface,graphics/shaders/surface/weapons/light_autocannon_hardpoint_recoil_surface.png
lightag,turret,,,surface,graphics/shaders/surface/weapons/light_assault_gun_turret_base_surface.png
lightag,turretbarrel,,,surface,graphics/shaders/surface/weapons/light_assault_gun_turret_recoil_surface.png
lightag,hardpoint,,,surface,graphics/shaders/surface/weapons/light_assault_gun_hardpoint_base_surface.png
lightag,hardpointbarrel,,,surface,graphics/shaders/surface/weapons/light_assault_gun_hardpoint_recoil_surface.png
lightdualac,turret,,,surface,graphics/shaders/surface/weapons/light_dual_autocannon_turret_base_surface.png
lightdualac,turretbarrel,,,surface,graphics/shaders/surface/weapons/light_dual_autocannon_turret_recoil_surface.png
lightdualac,hardpoint,,,surface,graphics/shaders/surface/weapons/light_dual_autocannon_hardpoint_base_surface.png
lightdualac,hardpointbarrel,,,surface,graphics/shaders/surface/weapons/light_dual_autocannon_hardpoint_recoil_surface.png
lightdualmg,turret,,,surface,graphics/shaders/surface/weapons/mg_light_dual_turret_base_surface.png
lightdualmg,turretbarrel,,,surface,graphics/shaders/surface/weapons/mg_light_dual_turret_recoil_surface.png
lightdualmg,hardpoint,,,surface,graphics/shaders/surface/weapons/mg_light_dual_hardpoint_base_surface.png
lightdualmg,hardpointbarrel,,,surface,graphics/shaders/surface/weapons/mg_light_dual_hardpoint_recoil_surface.png
lightmg,turret,,,surface,graphics/shaders/surface/weapons/mg_light_turret_base_surface.png
lightmg,turretbarrel,,,surface,graphics/shaders/surface/weapons/mg_light_turret_recoil_surface.png
lightmg,hardpoint,,,surface,graphics/shaders/surface/weapons/mg_light_hardpoint_base_surface.png
lightmg,hardpointbarrel,,,surface,graphics/shaders/surface/weapons/mg_light_hardpoint_recoil_surface.png
lightmortar,turret,,,surface,graphics/shaders/surface/weapons/light_mortar_turret_base_surface.png
lightmortar,turretbarrel,,,surface,graphics/shaders/surface/weapons/light_mortar_turret_recoil_surface.png
lightmortar,hardpoint,,,surface,graphics/shaders/surface/weapons/light_mortar_hardpoint_base_surface.png
lightmortar,hardpointbarrel,,,surface,graphics/shaders/surface/weapons/light_mortar_hardpoint_recoil_surface.png
lightneedler,turret,,,surface,graphics/shaders/surface/weapons/flechette_turret_base_surface.png
lightneedler,turretbarrel,,,surface,graphics/shaders/surface/weapons/flechette_turret_recoil_surface.png
lightneedler,hardpoint,,,surface,graphics/shaders/surface/weapons/flechette_hardpoint_base_surface.png
lightneedler,hardpointbarrel,,,surface,graphics/shaders/surface/weapons/flechette_hardpoint_recoil_surface.png
lrpdlaser,turret,,,surface,graphics/shaders/surface/weapons/lr_pd_laser_turret_base_surface.png
lrpdlaser,hardpoint,,,surface,graphics/shaders/surface/weapons/lr_pd_laser_hardpoint_base_surface.png
mark9,turret,,,surface,graphics/shaders/surface/weapons/heavy_assault_cannon_turret_base_surface.png
mark9,turretbarrel,,,surface,graphics/shaders/surface/weapons/heavy_assault_cannon_turret_recoil_surface.png
mark9,hardpoint,,,surface,graphics/shaders/surface/weapons/heavy_assault_cannon_hardpoint_base_surface.png
mark9,hardpointbarrel,,,surface,graphics/shaders/surface/weapons/heavy_assault_cannon_hardpoint_recoil_surface.png
miningblaster,turret,,,surface,graphics/shaders/surface/weapons/blaster2_turret_base_surface.png
miningblaster,hardpoint,,,surface,graphics/shaders/surface/weapons/blaster2_hardpoint_base_surface.png
mininglaser,turret,,,surface,graphics/shaders/surface/weapons/mining_laser_turret_base_surface.png
mininglaser,hardpoint,,,surface,graphics/shaders/surface/weapons/mining_laser_hardpoint_base_surface.png
mjolnir,turret,,,surface,graphics/shaders/surface/weapons/mjolnir_turret_base_surface.png
mjolnir,turretbarrel,,,surface,graphics/shaders/surface/weapons/mjolnir_turret_recoil_surface.png
mjolnir,turretunder,,,surface,graphics/shaders/surface/weapons/mjolnir_turret_under_surface.png
mjolnir,hardpoint,,,surface,graphics/shaders/surface/weapons/mjolnir_hardpoint_base_surface.png
mjolnir,hardpointbarrel,,,surface,graphics/shaders/surface/weapons/mjolnir_hardpoint_recoil_surface.png
mjolnir,hardpointunder,,,surface,graphics/shaders/surface/weapons/mjolnir_hardpoint_under_surface.png
multineedler,turret,0,,surface,graphics/shaders/surface/weapons/storm/flechette_storm_turret_base00_surface.png
multineedler,turret,1,,surface,graphics/shaders/surface/weapons/storm/flechette_storm_turret_base01_surface.png
multineedler,turret,2,,surface,graphics/shaders/surface/weapons/storm/flechette_storm_turret_base02_surface.png
multineedler,turret,3,,surface,graphics/shaders/surface/weapons/storm/flechette_storm_turret_base03_surface.png
multineedler,hardpoint,0,,surface,graphics/shaders/surface/weapons/storm/flechette_storm_hardpoint_base00_surface.png
multineedler,hardpoint,1,,surface,graphics/shaders/surface/weapons/storm/flechette_storm_hardpoint_base01_surface.png
multineedler,hardpoint,2,,surface,graphics/shaders/surface/weapons/storm/flechette_storm_hardpoint_base02_surface.png
multineedler,hardpoint,3,,surface,graphics/shaders/surface/weapons/storm/flechette_storm_hardpoint_base03_surface.png
pdburst,turret,,,surface,graphics/shaders/surface/weapons/burstpd_turret_base_surface.png
pdburst,hardpoint,,,surface,graphics/shaders/surface/weapons/burstpd_hardpoint_base_surface.png
pdlaser,turret,,,surface,graphics/shaders/surface/weapons/pd_laser_turret_base_surface.png
pdlaser,hardpoint,,,surface,graphics/shaders/surface/weapons/pd_laser_hardpoint_base_surface.png
phasebeam,turret,,,surface,graphics/shaders/surface/weapons/phase_beam_turret_surface.png
phasebeam,hardpoint,,,surface,graphics/shaders/surface/weapons/phase_beam_hardpoint_surface.png
phasecl,turret,,,surface,graphics/shaders/surface/weapons/phase_charge_launcher_turret_base_surface.png
phasecl,hardpoint,,,surface,graphics/shaders/surface/weapons/phase_charge_launcher_hardpoint_base_surface.png
pilum,turret,,,surface,graphics/shaders/surface/weapons/pilum_lrm_launcher_turret_base_surface.png
pilum,hardpoint,,,surface,graphics/shaders/surface/weapons/pilum_lrm_launcher_hardpoint_base_surface.png
plasma,turret,,,surface,graphics/shaders/surface/weapons/plasma_cannon_turret_base_surface.png
plasma,hardpoint,,,surface,graphics/shaders/surface/weapons/plasma_cannon_hardpoint_base_surface.png
pulselaser,turret,,,surface,graphics/shaders/surface/weapons/pulse_laser_turret_base_surface.png
pulselaser,hardpoint,,,surface,graphics/shaders/surface/weapons/pulse_laser_hardpoint_base_surface.png
railgun,turret,,,surface,graphics/shaders/surface/weapons/railgun_turret_base_surface.png
railgun,hardpoint,,,surface,graphics/shaders/surface/weapons/railgun_hardpoint_base_surface.png
reaper,turret,,,surface,graphics/shaders/surface/weapons/light_reaper_launcher_turret_base_surface.png
reaper,hardpoint,,,surface,graphics/shaders/surface/weapons/light_reaper_launcher_hardpoint_base_surface.png
sabot,turret,,,surface,graphics/shaders/surface/weapons/missile_rack_m_3x_turret_base_surface.png
sabot,hardpoint,,,surface,graphics/shaders/surface/weapons/missile_rack_m_3x_hardpoint_base_surface.png
sabot_single,turret,,,surface,graphics/shaders/surface/weapons/missile_rack_1x_turret_base_surface.png
sabot_single,hardpoint,,,surface,graphics/shaders/surface/weapons/missile_rack_1x_hardpoint_base_surface.png
sabotpod,turret,,,surface,graphics/shaders/surface/weapons/launcher_m3_2x_turret_base_surface.png
sabotpod,hardpoint,,,surface,graphics/shaders/surface/weapons/launcher_m3_2x_hardpoint_base_surface.png
salamanderpod,turret,,,surface,graphics/shaders/surface/weapons/launcher_m4_2x_turret_base_surface.png
salamanderpod,hardpoint,,,surface,graphics/shaders/surface/weapons/launcher_m4_2x_hardpoint_base_surface.png
sensordish,turret,,,surface,graphics/shaders/surface/weapons/decorative/sensor_array_dish_surface.png
sensordish,hardpoint,,,surface,graphics/shaders/surface/weapons/decorative/sensor_array_dish_surface.png
shredder,turret,0,,surface,graphics/shaders/surface/weapons/shredder/chaingun2_turret_base00_surface.png
shredder,turret,1,,surface,graphics/shaders/surface/weapons/shredder/chaingun2_turret_base01_surface.png
shredder,turret,2,,surface,graphics/shaders/surface/weapons/shredder/chaingun2_turret_base02_surface.png
shredder,turret,3,,surface,graphics/shaders/surface/weapons/shredder/chaingun2_turret_base03_surface.png
shredder,hardpoint,0,,surface,graphics/shaders/surface/weapons/shredder/chaingun2_hardpoint_base00_surface.png
shredder,hardpoint,1,,surface,graphics/shaders/surface/weapons/shredder/chaingun2_hardpoint_base01_surface.png
shredder,hardpoint,2,,surface,graphics/shaders/surface/weapons/shredder/chaingun2_hardpoint_base02_surface.png
shredder,hardpoint,3,,surface,graphics/shaders/surface/weapons/shredder/chaingun2_hardpoint_base03_surface.png
swarmer,turret,,,surface,graphics/shaders/surface/weapons/swarmer_srm_launcher_turret_base_surface.png
swarmer,hardpoint,,,surface,graphics/shaders/surface/weapons/swarmer_srm_launcher_hardpoint_base_surface.png
tachyonlance,turret,,,surface,graphics/shaders/surface/weapons/tachyon_lance_turret_base_surface.png
tachyonlance,hardpoint,,,surface,graphics/shaders/surface/weapons/tachyon_lance_hardpoint_base_surface.png
taclaser,turret,,,surface,graphics/shaders/surface/weapons/tactical_laser_turret_surface.png
taclaser,hardpoint,,,surface,graphics/shaders/surface/weapons/tactical_laser_hardpoint_surface.png
typhoon,turret,,,surface,graphics/shaders/surface/weapons/typhoon_reaper_launcher_turret_base_surface.png
typhoon,hardpoint,,,surface,graphics/shaders/surface/weapons/typhoon_reaper_launcher_hardpoint_base_surface.png
vulcan,turret,,,surface,graphics/shaders/surface/weapons/vulcan_cannon_turret_base_surface.png
vulcan,turretbarrel,,,surface,graphics/shaders/surface/weapons/vulcan_cannon_turret_recoil_surface.png
vulcan,hardpoint,,,surface,graphics/shaders/surface/weapons/vulcan_cannon_hardpoint_base_surface.png
vulcan,hardpointbarrel,,,surface,graphics/shaders/surface/weapons/vulcan_cannon_hardpoint_recoil_surface.png
annihilator_rocket,missile,,,material,graphics/shaders/material/missiles/missile_annihilator_material.png
harpoon_mrm,missile,,,material,graphics/shaders/material/missiles/missile_harpoon_material.png
type_1_lrm,missile,,,material,graphics/shaders/material/missiles/missile_LRM_material.png
type_1_mirv,missile,,,material,graphics/shaders/material/missiles/missile_MIRV_material.png
mirv_warhead,missile,,,material,graphics/shaders/material/missiles/missile_MIRV_warhead_material.png
sabot_srm,missile,,,material,graphics/shaders/material/missiles/missile_sabot_material.png
sabot_warhead,missile,,,material,graphics/shaders/material/missiles/missile_sabot_warhead_material.png
heatseeker_mrm,missile,,,material,graphics/shaders/material/missiles/missile_salamander_material.png
type_1_srm,missile,,,material,graphics/shaders/material/missiles/missile_SRM_material.png
reaper_torp,missile,,,material,graphics/shaders/material/missiles/missile_torpedo_compact_material.png
phase_charge,missile,,,material,graphics/shaders/material/missiles/phase_charge_base_material.png
atropos_torp,missile,,,material,graphics/shaders/material/missiles/torpedo_guided2_material.png
bomb_proj,missile,,,material,graphics/shaders/material/missiles/bomb_HE_material.png
clusterbomb_proj,missile,,,material,graphics/shaders/material/missiles/bomblet0_material.png
fragbomb_proj,missile,,,material,graphics/shaders/material/missiles/bomblet3_material.png
annihilator_rocket,missile,,1,normal,graphics/shaders/normal/missiles/missile_annihilator_normal.png
harpoon_mrm,missile,,1,normal,graphics/shaders/normal/missiles/missile_harpoon_normal.png
type_1_lrm,missile,,1,normal,graphics/shaders/normal/missiles/missile_LRM_normal.png
type_1_mirv,missile,,1,normal,graphics/shaders/normal/missiles/missile_MIRV_normal.png
mirv_warhead,missile,,1,normal,graphics/shaders/normal/missiles/missile_MIRV_warhead_normal.png
sabot_srm,missile,,1,normal,graphics/shaders/normal/missiles/missile_sabot_normal.png
sabot_warhead,missile,,1,normal,graphics/shaders/normal/missiles/missile_sabot_warhead_normal.png
heatseeker_mrm,missile,,1,normal,graphics/shaders/normal/missiles/missile_salamander_normal.png
type_1_srm,missile,,1,normal,graphics/shaders/normal/missiles/missile_SRM_normal.png
reaper_torp,missile,,1,normal,graphics/shaders/normal/missiles/missile_torpedo_compact_normal.png
phase_charge,missile,,1,normal,graphics/shaders/normal/missiles/phase_charge_base_normal.png
atropos_torp,missile,,1,normal,graphics/shaders/normal/missiles/torpedo_guided2_normal.png
bomb_proj,missile,,1,normal,graphics/shaders/normal/missiles/bomb_HE_normal.png
clusterbomb_proj,missile,,1,normal,graphics/shaders/normal/missiles/bomblet0_normal.png
fragbomb_proj,missile,,1,normal,graphics/shaders/normal/missiles/bomblet3_normal.png
annihilator_rocket,missile,,,surface,graphics/shaders/surface/missiles/missile_annihilator_surface.png
harpoon_mrm,missile,,,surface,graphics/shaders/surface/missiles/missile_harpoon_surface.png
type_1_lrm,missile,,,surface,graphics/shaders/surface/missiles/missile_LRM_surface.png
type_1_mirv,missile,,,surface,graphics/shaders/surface/missiles/missile_MIRV_surface.png
mirv_warhead,missile,,,surface,graphics/shaders/surface/missiles/missile_MIRV_warhead_surface.png
sabot_srm,missile,,,surface,graphics/shaders/surface/missiles/missile_sabot_surface.png
sabot_warhead,missile,,,surface,graphics/shaders/surface/missiles/missile_sabot_warhead_surface.png
heatseeker_mrm,missile,,,surface,graphics/shaders/surface/missiles/missile_salamander_surface.png
type_1_srm,missile,,,surface,graphics/shaders/surface/missiles/missile_SRM_surface.png
reaper_torp,missile,,,surface,graphics/shaders/surface/missiles/missile_torpedo_compact_surface.png
phase_charge,missile,,,surface,graphics/shaders/surface/missiles/phase_charge_base_surface.png
atropos_torp,missile,,,surface,graphics/shaders/surface/missiles/torpedo_guided2_surface.png
bomb_proj,missile,,,surface,graphics/shaders/surface/missiles/bomb_HE_surface.png
clusterbomb_proj,missile,,,surface,graphics/shaders/surface/missiles/bomblet0_surface.png
fragbomb_proj,missile,,,surface,graphics/shaders/surface/missiles/bomblet3_surface.png
asteroid1,asteroid,,,material,graphics/shaders/material/asteroids/asteroid1_material.png
asteroid2,asteroid,,,material,graphics/shaders/material/asteroids/asteroid2_material.png
asteroid3,asteroid,,,material,graphics/shaders/material/asteroids/asteroid3_material.png
asteroid4,asteroid,,,material,graphics/shaders/material/asteroids/asteroid4_material.png
asteroid1,asteroid,,1,normal,graphics/shaders/normal/asteroids/asteroid1_normal.png
asteroid2,asteroid,,1,normal,graphics/shaders/normal/asteroids/asteroid2_normal.png
asteroid3,asteroid,,1,normal,graphics/shaders/normal/asteroids/asteroid3_normal.png
asteroid4,asteroid,,1,normal,graphics/shaders/normal/asteroids/asteroid4_normal.png
asteroid1,asteroid,,,surface,graphics/shaders/surface/asteroids/asteroid1_surface.png
asteroid2,asteroid,,,surface,graphics/shaders/surface/asteroids/asteroid2_surface.png
asteroid3,asteroid,,,surface,graphics/shaders/surface/asteroids/asteroid3_surface.png
asteroid4,asteroid,,,surface,graphics/shaders/surface/asteroids/asteroid4_surface.png
